Date,Joe Biden,Donald Trump
2021-04-22,51.05477776892238,28.59028534766498
2021-04-23,51.05477776892238,28.59028534766498
2021-04-24,51.05477776892238,28.59028534766498
2021-04-25,51.05477776892238,28.59028534766498
2021-04-26,51.05477776892238,28.59028534766498
2021-04-27,51.05477776892237,28.590285347664977
2021-04-28,51.05477776892238,28.590285347664977
2021-04-29,51.05477776892238,28.59028534766498
2021-04-30,51.054777768922385,28.590285347664985
2021-05-01,51.05477776892238,28.59028534766498
2021-05-02,51.05477776892237,28.590285347664985
2021-05-03,51.05477776892238,28.59028534766498
2021-05-04,51.054777768922385,28.59028534766498
2021-05-05,51.05477776892238,28.590285347664977
2021-05-06,51.054777768922385,28.59028534766498
2021-05-07,51.05477776892238,28.590285347664985
2021-05-08,51.05477776892238,28.590285347664985
2021-05-09,51.05477776892237,28.590285347664977
2021-05-10,51.05477776892238,28.59028534766498
2021-05-11,51.05477776892238,28.590285347664985
2021-05-12,51.05477776892238,28.59028534766498
2021-05-13,51.05477776892237,28.59028534766498
2021-05-14,51.05477776892237,28.59028534766498
2021-05-15,51.23347408570835,28.754889976008556
2021-05-16,51.3949672460012,28.903648059600563
2021-05-17,51.54135972839408,29.038496279138474
2021-05-18,51.67443132106323,29.16107407172178
2021-05-19,51.79569880441955,29.272778607030904
2021-05-20,51.906462845046065,29.374807983288257
2021-05-21,52.007845188093526,29.468195486724678
2021-05-22,52.100818412048675,29.553836999937133
2021-05-23,52.1862299255412,29.632513106348075
2021-05-24,52.264821465925884,29.704907051162646
2021-05-25,52.33724505397359,29.771619437899624
2021-05-26,52.40407613444157,29.83318033271878
2021-05-27,52.46582446547741,29.8900592951048
2021-05-28,52.44959032096897,29.964729085126827
2021-05-29,52.43455712595851,30.03387504561811
2021-05-30,52.420622123012336,30.097969814726923
2021-05-31,52.407693120560864,30.157437432361107
2021-06-01,52.39568718236897,30.212659368037475
2021-06-02,52.38452950830406,30.263979668847156
2021-06-03,52.374152474509394,30.311709374228073
2021-06-04,52.364494807026304,30.35613031693255
2021-06-05,52.355500867630624,30.397498407859427
2021-06-06,52.34712003442635,30.43604648504622
2021-06-07,52.41087796959288,30.566348270896608
2021-06-08,52.47035356391329,30.68789825732924
2021-06-09,52.5258613186362,30.801339189035218
2021-06-10,52.577689362702266,30.907259913746596
2021-06-11,52.62610205686384,31.006200704263186
2021-06-12,52.67134229456206,31.098657960743928
2021-06-13,52.71363354030802,31.185088376536772
2021-06-14,52.75318164015604,31.2659126382342
2021-06-15,52.790176433726124,31.341518720155722
2021-06-16,52.824793192941954,31.41226482468992
2021-06-17,52.85719390905102,31.478482012571167
2021-06-18,52.887528446462255,31.54047656097217
2021-06-19,52.9159355793772,31.59853208206203
2021-06-20,52.942543925021845,31.652911430247723
2021-06-21,52.96747278544399,31.703858422551296
2021-06-22,52.99083290827061,31.75159939336603
2021-06-23,53.01272717547813,31.796344602092976
2021-06-24,53.0332512280793,31.838289509810497
2021-06-25,53.052494033642546,31.877615939110846
2021-06-26,53.04484435903362,31.822145432773123
2021-06-27,53.03767005014359,31.770121972025116
2021-06-28,53.03094063974302,31.721324628169736
2021-06-29,53.02462772269646,31.67554742548563
2021-06-30,53.018704803603406,31.632598236417376
2021-07-01,53.0131471571606,31.59229776901338
2021-07-02,53.007931700022,31.554478637736604
2021-07-03,53.00303687306733,31.518984509751835
2021-07-04,52.998442533108346,31.48566931965016
2021-07-05,52.994129853166264,31.454396546324563
2021-07-06,52.99008123054446,31.425038546372498
2021-07-07,52.986280202001396,31.39747593898514
2021-07-08,52.98271136540002,31.371597037798438
2021-07-09,52.97936030727206,31.3472973256371
2021-07-10,52.919830609763586,31.548948542194054
2021-07-11,52.86392657372035,31.738318173661796
2021-07-12,52.811424398641215,31.916164323057885
2021-07-13,52.76211444732406,32.08319711656494
2021-07-14,52.71580030887052,32.240081877513305
2021-07-15,52.67229792836649,32.38744207450596
2021-07-16,52.631434797966236,32.5258620615446
2021-07-17,52.5930492045818,32.65588962641056
2021-07-18,52.556989529804895,32.77803836211308
2021-07-19,52.52311359807105,32.89278987492154
2021-07-20,52.49128806942028,33.00059584133158
2021-07-21,52.46138787351872,33.1018799252627
2021-07-22,52.433295681887095,33.19703956583477
2021-07-23,52.40690141553461,33.286447645211425
2021-07-24,52.382101785427324,33.370454045220185
2021-07-25,52.358799863427905,33.44938710075322
2021-07-26,52.33690468153325,33.523554957311944
2021-07-27,52.31633085740839,33.59324683947575
2021-07-28,52.296998244371345,33.65873423654491
2021-07-29,52.278831604127056,33.720272011123605
2021-07-30,52.26176030067808,33.778099435968315
2021-07-31,52.24571801395946,33.832441164022704
2021-08-01,52.23064247185357,33.88350813619193
2021-08-02,52.2164751993409,33.93149843107068
2021-08-03,52.20316128363393,33.97659806052984
2021-08-04,52.22531598637812,33.89721275497166
2021-08-05,52.246136760258416,33.82260721792023
2021-08-06,52.265704154335765,33.752492823890975
2021-08-07,52.28409382650332,33.686598473558604
2021-08-08,52.30137684366298,33.62466951815673
2021-08-09,52.31761996311154,33.56646675120787
2021-08-10,52.33288589635501,33.51176546321697
2021-08-11,52.34723355648612,33.46035455526189
2021-08-12,52.36071829018232,33.412035707692404
2021-08-13,52.373392095309555,33.36662260040644
2021-08-14,52.385303825051054,33.32394018141066
2021-08-15,52.39649937941828,33.28382398059328
2021-08-16,52.40702188494443,33.2461194658419
2021-08-17,52.4169118633074,33.21068143882921
2021-08-18,52.426207389580085,33.17737346796618
2021-08-19,52.030371145268944,33.314057309733755
2021-08-20,51.65832339044509,33.44252689073137
2021-08-21,51.30863286696322,33.56327643013345
2021-08-22,50.979954621522076,33.67677034570579
2021-08-23,50.67102477915148,33.783445058541524
2021-08-24,50.38065563580812,33.8837106876074
2021-08-25,50.10773105029538,33.97795264093238
2021-08-26,49.851202116983686,34.066533109834616
2021-08-27,49.61008310198521,34.149792472176635
2021-08-28,49.38344762653512,34.22805061025908
2021-08-29,49.17042508235799,34.30160814860907
2021-08-30,48.97019726475611,34.37074761658829
2021-08-31,48.78199521005252,34.43573454043658
2021-09-01,48.60509622485847,34.49681846907779
2021-09-02,48.43882109541845,34.55423393774416
2021-09-03,48.483891251993676,34.79336731973201
2021-09-04,48.526254845524974,35.018140210799864
2021-09-05,48.5660744851528,35.2294153830492
2021-09-06,48.603503001910354,35.4280037278686
2021-09-07,48.484506645866425,35.405501678921595
2021-09-08,48.37265552573111,35.384350784358645
2021-09-09,48.26752044728205,35.364469884136504
2021-09-10,48.1686980145519,35.34578269662688
2021-09-11,48.07580907706313,35.32821752499057
2021-09-12,47.988497270762764,35.311706981270255
2021-09-13,47.90642764697468,35.29618772712721
2021-09-14,47.82928538403499,35.28160023021336
2021-09-15,47.7567745766027,35.2678885352315
2021-09-16,47.8367609073386,35.43372142795212
2021-09-17,47.91194516804856,35.58959835499558
2021-09-18,47.98261571518126,35.73611715581247
2021-09-19,48.049043583012974,35.873839756392414
2021-09-20,48.111483525022855,36.00329432831163
2021-09-21,48.17017499257021,36.124977317790595
2021-09-22,48.03589548926152,36.024490784270256
2021-09-23,47.90967706599094,35.930036667980396
2021-09-24,47.79234538299243,36.00361343240883
2021-09-25,47.82156346407142,36.026398052917905
2021-09-26,47.84902756695024,36.04781489956244
2021-09-27,47.87484299623771,36.067946090177024
2021-09-28,47.8991087328775,36.08686881132411
2021-09-29,47.92191781405837,36.10465561455262
2021-09-30,47.943357690280756,36.121374694842935
2021-10-01,47.963510560955896,36.137090152311224
2021-10-02,47.98245368982974,36.15186223818085
2021-10-03,48.00025970144666,36.16574758596859
2021-10-04,48.016996859794126,36.178799428774965
2021-10-05,48.032729330200446,36.19106780351556
2021-10-06,48.04751742549371,36.20259974287866
2021-10-07,47.91132232203535,36.09787126943215
2021-10-08,47.783302556675075,35.99942929716798
2021-10-09,47.66296736386339,35.90689644741753
2021-10-10,47.54985544188046,35.8199179979941
2021-10-11,47.44353318356239,35.73816052269365
2021-10-12,47.343593013313566,35.661310612525305
2021-10-13,47.24965182401526,35.58907367375775
2021-10-14,47.16134950782518,35.521172798164194
2021-10-15,47.07834757522427,35.457347701125656
2021-10-16,47.00032785700683,35.39735372351443
2021-10-17,46.92699128422894,35.34096089352422
2021-10-18,46.858056741430595,35.287953044844755
2021-10-19,46.672620970987985,35.15747431880994
2021-10-20,46.498315946987766,35.034827553200856
2021-10-21,46.48292493449088,34.96751912057491
2021-10-22,46.46845776153371,34.90425085044179
2021-10-23,46.48589077134232,34.85605916866642
2021-10-24,46.50227737454315,34.810760165482
2021-10-25,46.51768038239991,34.76818020590152
2021-10-26,46.532158835736865,34.728156077912466
2021-10-27,46.54576823128868,34.6905343667571
2021-10-28,46.55856073445974,34.65517086678214
2021-10-29,46.57058537930933,34.6219300286013
2021-10-30,46.645367646447724,34.68808337503949
2021-10-31,46.715661184705354,34.75026593471127
2021-11-01,46.7817354290328,34.8087160532072
2021-11-02,46.73572480647107,34.82267917577192
2021-11-03,46.69247591767555,34.835804178247784
2021-11-04,46.651822990968014,34.848141368370996
2021-11-05,46.613610205246104,34.859738034116134
2021-11-06,46.603574395641445,34.91427150281663
2021-11-07,46.57398811859693,34.986766902432905
2021-11-08,46.546177717616466,35.05491086422756
2021-11-09,46.520036597284324,35.1189645794701
2021-11-10,46.523329048572116,35.148748027610964
2021-11-11,46.5264238752371,35.176743767388096
2021-11-12,46.53468320565161,35.14403769956037
2021-11-13,46.54244678212894,35.11329476446627
2021-11-14,46.54974436173465,35.08439712729905
2021-11-15,46.55660391537955,35.0572340262341
2021-11-16,46.5630517350353,35.03170134786682
2021-11-17,46.47607365676639,35.018784616743396
2021-11-18,46.433783040857904,35.077206191513625
2021-11-19,46.394030850814374,35.13212110568593
2021-11-20,46.399072787111066,35.210500284372536
2021-11-21,46.40381208948556,35.284174881948466
2021-11-22,46.40826692310687,35.35342728417593
2021-11-23,46.41245436279788,35.418522926895136
2021-11-24,46.47472044648813,35.50848999572345
2021-11-25,46.42773521413602,35.611884532371626
2021-11-26,46.38357019006006,35.709072988654455
2021-11-27,46.34205609562524,35.80042787493638
2021-11-28,46.30303381293727,35.886299342108046
2021-11-29,46.266353774950495,35.967016523699485
2021-11-30,46.23187539218496,36.04288879743232
2021-12-01,46.199466513855086,36.11420697104682
2021-12-02,46.16900292134406,36.1812443969493
2021-12-03,46.14036785208266,36.24425801995288
2021-12-04,46.18706951785802,36.369987811530535
2021-12-05,46.23096799936389,36.48817089640934
2021-12-06,46.272231552998875,36.59926025290545
2021-12-07,46.21446447129655,36.61322238452963
2021-12-08,46.16016475477895,36.62634646431404
2021-12-09,46.109124280822066,36.638682794877155
2021-12-10,46.061147419034796,36.65027865950193
2021-12-11,46.0160502814288,36.661178503367566
2021-12-12,45.973660017596266,36.671424103902886
2021-12-13,45.93381415219406,36.68105473091452
2021-12-14,45.89635996219493,36.690107297103324
2021-12-15,46.00963553912047,36.70190149419282
2021-12-16,46.11611195686338,36.71298776618832
2021-12-17,46.21619732282603,36.723408605030855
2021-12-18,46.310275248455014,36.73320395215469
2021-12-19,46.39870631957373,36.74241135157756
2021-12-20,46.34368613116105,36.706481979572985
2021-12-21,46.29681344839479,36.73031880406796
2021-12-22,46.252754211902676,36.75272486716619
2021-12-23,46.211339549674335,36.77378604772583
2021-12-24,46.17241072594602,36.79358306987698
2021-12-25,46.135818532788996,36.81219181242579
2021-12-26,46.10142271821698,36.82968359968711
2021-12-27,46.06909144862043,36.84612547486023
2021-12-28,46.0387008034677,36.861580456995696
2021-12-29,46.01013430033577,36.87610778253811
2021-12-30,45.98328244845041,36.88976313237049
2021-12-31,45.958042329024465,36.90259884523096
2022-01-01,45.93431720078558,36.91466411831916
2022-01-02,45.91201612918149,36.92600519586162
2022-01-03,45.891053637841864,36.936665546358974
2022-01-04,45.87134938096034,36.946686029193955
2022-01-05,45.85282783534148,36.95610505123914
2022-01-06,45.835418010932,36.96495871406458
2022-01-07,45.80543545231027,37.028667907900456
2022-01-08,45.85503829627192,37.085780375852494
2022-01-09,45.90166382221102,37.139464774634185
2022-01-10,45.945490738109925,37.18992686772802
2022-01-11,45.938725305087495,37.15252737525067
2022-01-12,45.93236595452771,37.117372717354726
2022-01-13,45.92638831208677,37.084328152023716
2022-01-14,45.92076946644589,37.053267024882075
2022-01-15,45.915487881495864,37.02407028374929
2022-01-16,45.91052331379263,36.99662602233181
2022-01-17,45.905856734967436,36.9708290513043
2022-01-18,45.90147025879404,36.94658049513579
2022-01-19,45.89734707263385,36.92378741311579
2022-01-20,45.954010553443084,37.00265814113637
2022-01-21,46.00727291502932,37.076794801546335
2022-01-22,46.02189325859943,37.17561882846086
2022-01-23,46.05884536128857,37.151141018700194
2022-01-24,46.09357948331186,37.128132443565974
2022-01-25,46.22607955064177,37.126908184230544
2022-01-26,46.33944221283174,37.10216412407865
2022-01-27,46.44600049390342,37.07890527971505
2022-01-28,46.54616281409126,37.057042503843334
2022-01-29,46.64031307896727,37.0364920000672
2022-01-30,46.728812150888054,37.017175001712616
2022-01-31,46.81199923212132,36.999017469928056
2022-02-01,46.890193164952294,36.98194980990576
2022-02-02,46.96369365375395,36.96590660413615
2022-02-03,47.032782413704666,36.950826361673485
2022-02-04,47.09772425055599,36.936651282450924
2022-02-05,47.158768075589755,36.92332703574255
2022-02-06,47.21614785965385,36.910802551922615
2022-02-07,47.27008352993394,36.89902982672402
2022-02-08,47.200954452953525,36.81546207576883
2022-02-09,47.13597471898519,36.736910322113296
2022-02-10,47.07489527150127,36.6630734899325
2022-02-11,47.078728399949846,36.61299798847343
2022-02-12,47.082331452063485,36.56592817492698
2022-02-13,47.08571823774232,36.521683638518276
2022-02-14,47.08890173797312,36.480094797290974
2022-02-15,47.09189415458321,36.4410022481277
2022-02-16,47.09470695700817,36.40425615578428
2022-02-17,47.09735092625221,36.369715678596094
2022-02-18,47.09983619620995,36.33724842865522
2022-02-19,47.10217229250806,36.30672996438954
2022-02-20,47.10436816901524,36.27804331359885
2022-02-21,47.106432242161134,36.251078525119766
2022-02-22,47.14719187153905,36.33058092457556
2022-02-23,47.18550498075446,36.40531134189598
2022-02-24,47.26126283008417,36.534096020162664
2022-02-25,47.25668265821782,36.53245322400616
2022-02-26,47.20556929297131,36.5741427129463
2022-02-27,47.157523911419496,36.61332986865734
2022-02-28,47.112362363604994,36.65016488899013
2022-03-01,47.055914199962025,36.65295113028586
2022-03-02,47.00285423125699,36.655570132684076
2022-03-03,46.95297908745477,36.65803193438538
2022-03-04,46.90609760542479,36.66034597106623
2022-03-05,46.862030096244276,36.66252111204432
2022-03-06,46.82060765648058,36.66456569427324
2022-03-07,46.78167152081227,36.66648755429655
2022-03-08,46.74507245350816,36.66829405828404
2022-03-09,46.76260040405438,36.697340967847815
2022-03-10,46.697414566496676,36.680029713028915
2022-03-11,46.662781910038426,36.67600048555916
2022-03-12,46.63022801369071,36.67221310489519
2022-03-13,46.5996281037845,36.668653054637
2022-03-14,46.57086489595587,36.66530668970421
2022-03-15,46.54382814561444,36.66216118403674
2022-03-16,46.51718148316207,36.60746645569781
2022-03-17,46.4921342365383,36.556054675623095
2022-03-18,46.468590403813984,36.50772879101312
2022-03-19,46.44645974539543,36.46230357679246
2022-03-20,46.42565743815095,36.419604925672665
2022-03-21,46.40610375029795,36.3794691808282
2022-03-22,46.34701390118446,36.32064188147441
2022-03-23,46.44609573670435,36.354641096298835
2022-03-24,46.56043947390297,36.4190926226615
2022-03-25,46.66791994320488,36.47967556730195
2022-03-26,46.72178847391205,36.53262210196489
2022-03-27,46.77242364731934,36.58239062040742
2022-03-28,46.82001953962127,36.62917187707981
2022-03-29,46.86475857795353,36.673145176754936
2022-03-30,46.90681223960586,36.71447906177367
2022-03-31,46.94634170926601,36.753331958039674
2022-04-01,46.98349849681368,36.78985278223944
2022-04-02,47.01842501803294,36.82418151261532
2022-04-03,47.05125514046801,36.8564497254787
2022-04-04,47.082114696515404,36.88678109952019
2022-04-05,47.017710951683725,36.86253123745341
2022-04-06,46.94678844097163,36.80663308069978
2022-04-07,46.88012292064982,36.754090105731784
2022-04-08,46.817458872871875,36.704700924069435
2022-04-09,46.75855611676986,36.658276235197704
2022-04-10,46.70318888788107,36.6146381010092
2022-04-11,46.65114497283025,36.573619263796935
2022-04-12,46.60222489595113,36.53506250518344
2022-04-13,46.556241154729335,36.498820043528795
2022-04-14,46.51301750113655,36.46475296750829
2022-04-15,46.472388266101014,36.432730703688314
2022-04-16,46.43419772452561,36.40263051606025
2022-04-17,46.398299498419476,36.37433703561362
2022-04-18,46.36455599585548,36.34774181814598
2022-04-19,46.332837883603354,36.32274292861433
2022-04-20,46.30577730303885,36.319840275685856
2022-04-21,46.28034098295538,36.31711184904314
2022-04-22,46.31038789800998,36.33599309034758
2022-04-23,46.35854655756271,36.38539331994562
2022-04-24,46.36811744360643,36.38652633091941
2022-04-25,46.38905697691855,36.41716733301124
2022-04-26,46.408739654105005,36.44596916655039
2022-04-27,46.46693290273841,36.48576829674292
2022-04-28,46.52488770490829,36.56488148174948
2022-04-29,46.61415021587922,36.650266527197516
2022-04-30,46.69805491242191,36.73052649579659
2022-05-01,46.77692338727602,36.80596901065065
2022-05-02,46.85105793018154,36.8768832303651
2022-05-03,46.86760465826463,36.88780642757066
2022-05-04,46.84030773640438,36.937878115299604
2022-05-05,46.81464926096682,36.98494434409592
2022-05-06,46.79053088728534,37.02918551098249
2022-05-07,46.76786017364705,37.07077118499
2022-05-08,46.74655022697911,37.109860757086786
2022-05-09,46.72651936980208,37.14660405109799
2022-05-10,46.70769082717361,37.181141897955214
2022-05-11,46.68999243242304,37.21360667547817
2022-05-12,46.67335635054839,37.24412281575675
2022-05-13,46.65771881821618,37.27280728207854
2022-05-14,46.64301989936718,37.2997700172297
2022-05-15,46.62920325549145,37.32511436488729
2022-05-16,46.61621592969216,37.34893746571839
2022-05-17,46.60400814371073,37.3713306297042
2022-05-18,46.59253310713493,37.39237968611587
2022-05-19,46.475901193784985,37.31512593039606
2022-05-20,46.366269891792015,37.242509186143565
2022-05-21,46.29937143179838,37.21602743775972
2022-05-22,46.23648842611171,37.19113520654284
2022-05-23,46.1773798546354,37.167737084712925
2022-05-24,46.14522338215509,37.108166603404946
2022-05-25,46.1488031088233,37.06967627206256
2022-05-26,46.15216796912734,37.033496250505735
2022-05-27,46.161811567222834,37.01778911707011
2022-05-28,46.170876326470456,37.00302477479305
2022-05-29,46.179396990583975,36.98914663440749
2022-05-30,46.18740621785104,36.976101503310765
2022-05-31,46.19493470630695,36.96383938168617
2022-06-01,46.09468035015938,36.89766306520205
2022-06-02,46.000443573283654,36.83545885771814
2022-06-03,45.911863181795674,36.77698834085834
2022-06-04,45.82859966179528,36.72202740686145
2022-06-05,45.75033387806597,36.67036539961338
2022-06-06,45.676765850882724,36.62180430723726
2022-06-07,45.60761360623955,36.57615800314693
2022-06-08,45.54261209509023,36.533251532654695
2022-06-09,45.48151217745916,36.492920442399104
2022-06-10,45.42407966752963,36.45501015002259
2022-06-11,45.37009443604821,36.419375351683016
2022-06-12,45.319349566606185,36.38587946512824
2022-06-13,45.271650562563295,36.354394106199074
2022-06-14,45.226814601574524,36.324798596754135
2022-06-15,45.170245721978716,36.306814731156294
2022-06-16,45.11707228304368,36.28991031328528
2022-06-17,44.95325082273259,36.157166480437276
2022-06-18,44.79926243762857,36.03239034662694
2022-06-19,44.65451691587632,35.91510366569701
2022-06-20,44.51845947197769,35.80485689731689
2022-06-21,44.39056862039115,35.701227483969234
2022-06-22,44.38139411893718,35.64714589136162
2022-06-23,44.37277029968696,35.59631044468883
2022-06-24,44.42722045635354,35.64150481297294
2022-06-25,44.47840234472045,35.68398647425621
2022-06-26,44.5265121364488,35.723918253677084
2022-06-27,44.57173422836443,35.761453203101155
2022-06-28,44.61424194922034,35.796735187743444
2022-06-29,44.68321504896737,35.80323423215548
2022-06-30,44.74804816805626,35.80934318364344
2022-07-01,44.78839780517863,35.84137268007954
2022-07-02,44.820513029634476,35.88134470797237
2022-07-03,44.850700598111864,35.918917490029514
2022-07-04,44.879076214537356,35.954235036472205
2022-07-05,44.90574863792682,35.98743271357887
2022-07-06,44.93082009924057,36.018637762521486
2022-07-07,44.9543866932178,36.04796978705995
2022-07-08,44.976538746691524,36.0755412119632
2022-07-09,45.042334238144576,36.09041526309888
2022-07-10,45.10418047890415,36.104396527275085
2022-07-11,45.04430302149578,36.05040074160689
2022-07-12,44.988019595911936,35.99964595147327
2022-07-13,44.93091142282302,35.94501271763641
2022-07-14,44.877231060472994,35.89365874096216
2022-07-15,44.826772760965824,35.84538719020366
2022-07-16,44.81707853076186,35.864048542375
2022-07-17,44.80796617850289,35.881589781961466
2022-07-18,44.86058067840589,35.97189785930346
2022-07-19,44.91003709185588,36.05678536406225
2022-07-20,45.01118569908685,36.143241664670704
2022-07-21,45.10626305130585,36.2245085883539
2022-07-22,45.2056205838599,36.31826152773822
2022-07-23,45.29901436729262,36.40638712317084
2022-07-24,45.38680236443451,36.48922314539428
2022-07-25,45.46932105206999,36.5670870910972
2022-07-26,45.546886710597086,36.640277399826324
2022-07-27,45.652513801278324,36.685592835630956
2022-07-28,45.75180082439704,36.728188297584424
2022-07-29,45.82221864704112,36.79142004544298
2022-07-30,45.80421805436864,36.798175742091274
2022-07-31,45.7872979134342,36.80452594074748
2022-08-01,45.77139337215321,36.81049498066631
2022-08-02,45.7564434710656,36.81610574018449
2022-08-03,45.74701636885061,36.79184356606596
2022-08-04,45.73815511072521,36.76903768334135
2022-08-05,45.72982573296156,36.747600680857275
2022-08-06,45.72199631044079,36.72745039415045
2022-08-07,45.71463683428925,36.70850959052512
2022-08-08,45.707719096859506,36.69070567303287
2022-08-09,45.70121658361517,36.673970402220654
2022-08-10,45.628234534770925,36.621228761254024
2022-08-11,45.559633096218406,36.57165283814374
2022-08-12,45.49514933005944,36.52505261662637
2022-08-13,45.43453608074891,36.481249485807446
2022-08-14,45.37756102778873,36.44007555557572
2022-08-15,45.324005795281934,36.40137301310822
2022-08-16,45.273665114934346,36.36499351800012
2022-08-17,45.226346039295265,36.330797633700456
2022-08-18,45.181867202222,36.29865429307517
2022-08-19,45.07746186952141,36.2110038473674
2022-08-20,44.979323270657176,36.12861445489976
2022-08-21,44.88707525671086,36.051170330841124
2022-08-22,44.80036425639577,35.978374644751234
2022-08-23,44.718857920877035,35.909948382879065
2022-08-24,44.780375981741905,35.81559799265252
2022-08-25,44.838201536643744,35.72691080724142
2022-08-26,44.948740249938716,35.72153981868451
2022-08-27,45.12745824953918,35.73610454019281
2022-08-28,45.29544903716401,35.74979504167106
2022-08-29,45.45335649354729,35.7626637965332
2022-08-30,45.579080094221325,35.777852878008154
2022-08-31,45.69725737209751,35.79213026341969
2022-09-01,45.80834128101639,35.80555067561025
2022-09-02,45.91275758711565,35.81816555278648
2022-09-03,46.010906500720914,35.83002324567341
2022-09-04,46.103164210285314,35.841169202834614
2022-09-05,46.18988432425726,35.85164614486918
2022-09-06,46.271399226402714,35.86149422815245
2022-09-07,46.43737975936071,35.96870484101383
2022-09-08,46.585043963735735,36.03735181853596
2022-09-09,46.746945468772516,36.11767713823604
2022-09-10,46.879033264778144,36.20815286842611
2022-09-11,47.00319273912444,36.293197962985914
2022-09-12,47.11989977441551,36.37313838561079
2022-09-13,47.22960168929671,36.448280534637945
2022-09-14,47.33271895295257,36.51891241742043
2022-09-15,47.42964679669516,36.585304754211215
2022-09-16,47.49902237586171,36.58186503571211
2022-09-17,47.507383887025995,36.528620718393555
2022-09-18,47.51524351420045,36.478572291134476
2022-09-19,47.5226313820281,36.43152792664161
2022-09-20,47.52957580697697,36.38730731169442
2022-09-21,47.64882430045449,36.41732848965027
2022-09-22,47.76091512727189,36.44554770283251
2022-09-23,48.30875384479045,36.734356784265515
2022-09-24,48.403682753877334,36.78859710873076
2022-09-25,48.49430527804219,36.84037685803835
2022-09-26,48.58074597006743,36.88976719895291
2022-09-27,48.663133433807644,36.9368416129341
2022-09-28,48.74159929548829,36.98167530835884
2022-09-29,48.78611081322576,37.00140286429314
2022-09-30,48.82844498569317,37.02016541829567
2022-10-01,48.86868248983671,37.03799872648189
2022-10-02,48.90690384501554,37.05493847512453
2022-10-03,48.94318904203552,37.07102011624091
2022-10-04,48.97761721615763,37.08627872266982
2022-10-05,48.95804063908639,37.02957208747579
2022-10-06,48.93948484165933,36.97582230110595
2022-10-07,48.92190484744594,36.924899082253965
2022-10-08,48.905256743202635,36.87667522930138
2022-10-09,48.889497765899705,36.83102687240542
2022-10-10,48.874586372785345,36.78783367645021
2022-10-11,49.13091682225226,37.41095959783001
2022-10-12,49.10553697840228,37.34346595445642
2022-10-13,49.124377390737024,37.29554226709821
2022-10-14,49.06367594330469,37.213325773850244
2022-10-15,48.99102134351762,37.1740834787151
2022-10-16,48.92156704223689,37.13656973289238
2022-10-17,48.85523053426261,37.10073997356825
2022-10-18,48.79192514850532,37.0665473878433
2022-10-19,48.74543319318429,37.05320124809493
2022-10-20,48.70113514125918,37.04048489776096
2022-10-21,48.660877836764094,37.016395853962514
2022-10-22,48.62257481800063,36.99347620973448
2022-10-23,48.58615529243766,36.9716836044568
2022-10-24,48.60638996886774,36.969199966130745
2022-10-25,48.57466620862214,36.95093065309551
2022-10-26,48.56355147914326,36.93037483626395
2022-10-27,48.55287336531319,36.91062650568922
2022-10-28,48.57642005349579,36.9320725211546
2022-10-29,48.598993478320764,36.95263210108996
2022-10-30,48.620612168777505,36.97232212145637
2022-10-31,48.64129662157049,36.99116125038402
2022-11-01,48.67051734028805,37.008586160493515
2022-11-02,48.6829047073756,36.9790798177407
2022-11-03,48.69472554472644,36.95092293209793
2022-11-04,48.698144475615436,36.95121917169687
2022-11-05,48.701401942630014,36.95150142095937
2022-11-06,48.70450331354226,36.95177014498597
2022-11-07,48.70745402340421,36.95202581470685
2022-11-08,48.71025954124692,36.952268903996305
2022-11-09,48.719993214138285,36.95577917642323
2022-11-10,48.74429605886235,36.984206103382036
2022-11-11,48.768864972330725,37.03339524009867
2022-11-12,48.79217071341406,37.080055394032854
2022-11-13,48.81426697232969,37.1242940577461
2022-11-14,48.83520640556528,37.16621665418163
2022-11-15,48.781868937623116,37.150012245728675
2022-11-16,48.7313689025016,37.134669875204374
2022-11-17,48.68357496903264,37.12014964300393
2022-11-18,48.63835968897866,37.106412829192216
2022-11-19,48.568277755871875,37.07620274978568
2022-11-20,48.502024367893036,37.047643033706755
2022-11-21,48.463369698676736,37.02628629021093
2022-11-22,48.502505649008384,37.03229714486295
2022-11-23,48.539469149182914,37.03797433489147
2022-11-24,48.546934596472234,37.00411963845923
2022-11-25,48.553981838037366,36.972161442972016
2022-11-26,48.56063265904487,36.942000955929785
2022-11-27,48.566907896562114,36.91354368432198
2022-11-28,48.57282745889645,36.886699346926775
2022-11-29,48.57841034746935,36.86138177511553
2022-11-30,48.58367468074767,36.83750880432773
2022-12-01,48.588637719805554,36.815002158151835
2022-12-02,48.59331589513754,36.793787326731334
2022-12-03,48.597724834388025,36.77379344101646
2022-12-04,48.59538848279958,36.726474117151945
2022-12-05,48.603898958236535,36.66459166801553
2022-12-06,48.61910392332484,36.594687597209855
2022-12-07,48.56889040371121,36.48461127847099
2022-12-08,48.53407802131377,36.38699075092741
2022-12-09,48.520165242241205,36.30274763056558
2022-12-10,48.52125257943259,36.221374429598704
2022-12-11,48.53434204488291,36.143017980306126
2022-12-12,48.55041647314053,36.07286116740091
2022-12-13,48.57230856252439,36.0085215176941
2022-12-14,48.59530254945361,35.95067992756913
2022-12-15,48.61906582533856,35.89426934440038
2022-12-16,48.651750911862614,35.86350797293628
2022-12-17,48.667305799985456,35.844611060416014
2022-12-18,48.67913565850852,35.82668323729786
2022-12-19,48.69243096317302,35.806021320335184
2022-12-20,48.70178370282554,35.78673709384562
2022-12-21,48.71567086775115,35.765326983002474
2022-12-22,48.726059254923356,35.74210125670496
2022-12-23,48.7377471422945,35.717388817715374
2022-12-24,48.75052160230027,35.6914812830475
2022-12-25,48.76854837065144,35.66463686570896
2022-12-26,48.78676303782125,35.64042966392006
2022-12-27,48.79378709030664,35.63084085439889
2022-12-28,48.80198887607165,35.621929366403485
2022-12-29,48.811214187814336,35.61072249739705
2022-12-30,48.81751496066515,35.597506962029506
2022-12-31,48.82743634589129,35.58840694754974
2023-01-01,48.83434568356015,35.57718735895552
2023-01-02,48.842298874865975,35.564111341987434
2023-01-03,48.85492680769133,35.54942066855814
2023-01-04,48.86816711852322,35.532778067656245
2023-01-05,48.88162581598299,35.515039992686106
2023-01-06,48.89147488424912,35.496379907456756
2023-01-07,48.89242471487204,35.47745523595869
2023-01-08,48.894873005745474,35.46075540975099
2023-01-09,48.89865185919427,35.443218336274256
2023-01-10,48.92710082006685,35.44534341603056
2023-01-11,48.95386363107521,35.44473528475614
2023-01-12,48.97904008802362,35.44167373541647
2023-01-13,49.00272410050676,35.4364187319021
2023-01-14,49.02109165301935,35.429007686593025
2023-01-15,49.03835995773201,35.42204017208348
2023-01-16,49.05459461959083,35.415489717713946
2023-01-17,49.069857349302474,35.409331424095065
2023-01-18,49.0640927198426,35.390385753552735
2023-01-19,49.049954403113375,35.364222892356665
2023-01-20,49.0366628871102,35.339627030279374
2023-01-21,49.014815304144705,35.32761215397479
2023-01-22,48.994364702365864,35.31977257983652
2023-01-23,48.974103300469785,35.31495982831123
2023-01-24,48.957842846267376,35.31148628218504
2023-01-25,48.958049699958316,35.32756661073456
2023-01-26,48.95485446643264,35.35136270681332
2023-01-27,48.95209003477557,35.37400315684016
2023-01-28,48.94735444346346,35.39173974636391
2023-01-29,48.94087138020421,35.40789291989098
2023-01-30,48.93284712311021,35.41971721859988
2023-01-31,48.908580426862116,35.41967687665732
2023-02-01,48.8848888926846,35.41713891665888
2023-02-02,48.86178035123909,35.41519000652007
2023-02-03,48.841985527553554,35.42213840436191
2023-02-04,48.82249013955329,35.42860794348094
2023-02-05,48.80331851774959,35.43463027868332
2023-02-06,48.78449209125439,35.44023506962822
2023-02-07,48.765960850162784,35.44235076137069
2023-02-08,48.74250578793351,35.44812328256407
2023-02-09,48.72008690382442,35.45346582805743
2023-02-10,48.70218500257035,35.458407878663714
2023-02-11,48.68838627959148,35.46023424934318
2023-02-12,48.67830575720013,35.459261073793996
2023-02-13,48.67760590153303,35.46093203201702
2023-02-14,48.67795784617435,35.463747778923356
2023-02-15,48.67050970057428,35.467553331905364
2023-02-16,48.6710914132049,35.477963909730306
2023-02-17,48.6703603233787,35.487360139844945
2023-02-18,48.66374520611821,35.50336208507349
2023-02-19,48.65661959389905,35.517680654424375
2023-02-20,48.649050283799326,35.530445655285575
2023-02-21,48.621647394572456,35.5356875520086
2023-02-22,48.5929130975024,35.54031666705653
2023-02-23,48.56302878402871,35.54437993600419
2023-02-24,48.53216508361269,35.5479214916188
2023-02-25,48.51133932404625,35.56163627593465
2023-02-26,48.49196448425911,35.57377736851243
2023-02-27,48.47303462380774,35.58922435327588
2023-02-28,48.46679502649274,35.60057107225959
2023-03-01,48.46371094028991,35.61679922861323
2023-03-02,48.46038684786162,35.63109479360081
2023-03-03,48.45684963207173,35.643601878606034
2023-03-04,48.45312477657806,35.654456431706876
2023-03-05,48.44610402576547,35.66620414439099
2023-03-06,48.436102857387404,35.68119045612609
2023-03-07,48.42341820397712,35.699084131701916
2023-03-08,48.41158580772567,35.71706038331369
2023-03-09,48.39964217410327,35.73648114697789
2023-03-10,48.38485146602008,35.7511052058919
2023-03-11,48.378050016278195,35.76464458850114
2023-03-12,48.37161325351224,35.776059268111325
2023-03-13,48.36231232004664,35.78799825539436
2023-03-14,48.3536838401682,35.800386922898134
2023-03-15,48.35671473902284,35.81798422698993
2023-03-16,48.3591363790478,35.83284601868323
2023-03-17,48.36100095935508,35.845197908138076
2023-03-18,48.362357449688886,35.85525158592789
2023-03-19,48.363251734108744,35.863205461410324
2023-03-20,48.36711338284098,35.86924528099248
2023-03-21,48.373640643273,35.873544727485765
2023-03-22,48.36313090630153,35.86853646027907
2023-03-23,48.343972623826296,35.87143255732629
2023-03-24,48.31327630803539,35.86944955053769
2023-03-25,48.28187883378166,35.873032121896394
2023-03-26,48.253614823480056,35.87760243088247
2023-03-27,48.23131420850268,35.880707440479824
2023-03-28,48.2113855269946,35.8848652603494
2023-03-29,48.21209712995996,35.898333461791665
2023-03-30,48.20983883301031,35.91171498587688
2023-03-31,48.206456804648646,35.917306421152944
2023-04-01,48.20056078774998,35.92355609483488
2023-04-02,48.194856695901706,35.92931644455849
2023-04-03,48.187098356327546,35.938942656196645
2023-04-04,48.177296598321284,35.94643457320731
2023-04-05,48.158844678842016,35.960149500901636
2023-04-06,48.12955839024515,35.966918886403406
2023-04-07,48.10353658617301,35.97406699438822
2023-04-08,48.07600122345413,35.97466949806532
2023-04-09,48.051716836439226,35.97400077596269
2023-04-10,48.03044427419148,35.97447349658314
2023-04-11,48.01195768091113,35.975987204381646
2023-04-12,48.00417462636774,35.980068150601326
2023-04-13,47.99186269880355,35.981495345622335
2023-04-14,47.98455355778894,35.981508168703854
2023-04-15,47.9799867061676,35.982416234293446
2023-04-16,47.97969454553323,35.98194993260309
2023-04-17,47.98019608855855,35.98023283416596
2023-04-18,47.981486519239176,35.97462317597468
2023-04-19,47.989137395921155,35.97562927608122
2023-04-20,47.99023623905229,35.97464027988095
2023-04-21,47.989918976088646,35.979521003853186
2023-04-22,48.00012441315545,35.99049923523388
2023-04-23,48.012875732505535,36.00137694121768
2023-04-24,48.02793546281916,36.01214518726329
2023-04-25,48.033173699732856,36.02300942293673
2023-04-26,48.03707535920819,36.03151287738018
2023-04-27,48.04174473749455,36.03937105121152
2023-04-28,48.04943721761277,36.04732073287228
2023-04-29,48.06511863251652,36.058529743240655
2023-04-30,48.08555699017004,36.06944005553095
2023-05-01,48.10734254932987,36.080059448693724
2023-05-02,48.13054780376584,36.090427068438956
2023-05-03,48.13648876111144,36.09825010579253
2023-05-04,48.146147976465144,36.10799918437214
2023-05-05,48.1695494857359,36.12693493732516
2023-05-06,48.19453593720846,36.14457213560717
2023-05-07,48.21993727121034,36.16104696170889
2023-05-08,48.245688589477176,36.176431351427496
2023-05-09,48.271893562188176,36.19078400079235
2023-05-10,48.30316479483471,36.202969050028784
2023-05-11,48.33405016580157,36.21438208466455
2023-05-12,48.36744455409611,36.22507047065548
2023-05-13,48.40012115119797,36.235078765385786
2023-05-14,48.42840869590271,36.24320640496371
2023-05-15,48.46036701686951,36.24906725130714
2023-05-16,48.48888320673238,36.24442460097158
2023-05-17,48.506645814809396,36.24231369995153
2023-05-18,48.519469376424674,36.239792634593286
2023-05-19,48.52945718443238,36.23217412726425
2023-05-20,48.54638904405193,36.24436980198383
2023-05-21,48.560961185427495,36.255694332831354
2023-05-22,48.57334343352072,36.26620292753032
2023-05-23,48.5805005075143,36.27593551658116
2023-05-24,48.59346979723967,36.287635710806235
2023-05-25,48.60428874131671,36.29839748800578
2023-05-26,48.61076942986462,36.311948789541425
2023-05-27,48.61902057508928,36.328272305662736
2023-05-28,48.62552905841481,36.3452891364311
2023-05-29,48.630351924227185,36.36302145164849
2023-05-30,48.625024310991,36.38197045673688
2023-05-31,48.61635239504747,36.40350780257871
2023-06-01,48.61100491059497,36.42362112299375
2023-06-02,48.593711717282936,36.431065637820474
2023-06-03,48.568518609843665,36.437888407441584
2023-06-04,48.54504671159115,36.441672043683674
2023-06-05,48.523187434236,36.44266533408516
2023-06-06,48.5028565504046,36.44087767755872
2023-06-07,48.49069772962436,36.44290872449303
2023-06-08,48.479151813621876,36.446853504616286
2023-06-09,48.468185358230734,36.45253891696477
2023-06-10,48.46071748459326,36.455033128420496
2023-06-11,48.442694054944106,36.44972463395916
2023-06-12,48.42600571482412,36.444764540809544
2023-06-13,48.394639300098056,36.43394592080598
2023-06-14,48.3649381887148,36.42833696813605
2023-06-15,48.33068768056777,36.41963631166122
2023-06-16,48.288468318043016,36.4157014868081
2023-06-17,48.24591608334219,36.417974969496086
2023-06-18,48.204833194915764,36.41992763170651
2023-06-19,48.167940612093446,36.42158269372757
2023-06-20,48.134946946565776,36.42296218975524
2023-06-21,48.107673664912646,36.43082462438032
2023-06-22,48.095825215685174,36.44134439428228
2023-06-23,48.085542441989666,36.450668770299025
2023-06-24,48.083140543585415,36.46155061267374
2023-06-25,48.07905976595505,36.47547286547395
2023-06-26,48.07304459927246,36.48777885602108
2023-06-27,48.05191548478734,36.49696152229398
2023-06-28,48.01290056113152,36.505293526815734
2023-06-29,47.96924521416564,36.513107240808246
2023-06-30,47.94555796429056,36.52773352809877
2023-07-01,47.93885239705131,36.54306694832617
2023-07-02,47.92826236128114,36.55652636046123
2023-07-03,47.91949414448632,36.56824213701423
2023-07-04,47.91241414570052,36.57621456594238
2023-07-05,47.909700527693296,36.58073549699535
2023-07-06,47.91099779064251,36.58208256252804
2023-07-07,47.913059072882504,36.580519613158536
2023-07-08,47.91310050662241,36.57523651496025
2023-07-09,47.91402075698257,36.569975354314366
2023-07-10,47.91280475985321,36.5647425477681
2023-07-11,47.912714212849586,36.55951897167163
2023-07-12,47.91053457716172,36.554339836286516
2023-07-13,47.903492088074806,36.54654515715453
2023-07-14,47.905030689343626,36.54856368140519
2023-07-15,47.907359752636644,36.552253224524264
2023-07-16,47.89880682489885,36.55114964232146
2023-07-17,47.89514809876029,36.54733696316858
2023-07-18,47.89286165769753,36.541063564118666
2023-07-19,47.89047210970625,36.52380649758528
2023-07-20,47.88635507397077,36.51016179906936
2023-07-21,47.883633951094254,36.497551329629
2023-07-22,47.87720039916244,36.490398588005284
2023-07-23,47.87242746858636,36.48367372039597
2023-07-24,47.86917856768508,36.47501290888328
2023-07-25,47.86743344242086,36.46439770693284
2023-07-26,47.87091097208301,36.46059588479335
2023-07-27,47.873625894915165,36.45191989011391
2023-07-28,47.859595881325575,36.44120453832093
2023-07-29,47.85193448854027,36.43469357660649
2023-07-30,47.84606155963752,36.428687757458356
2023-07-31,47.84473281501653,36.42315391613567
2023-08-01,47.847935692081535,36.415590018018065
2023-08-02,47.8548811781911,36.40869464679449
2023-08-03,47.84651466070391,36.39454967019626
2023-08-04,47.83712412522355,36.384063931532694
2023-08-05,47.83670077599322,36.37552701327365
2023-08-06,47.83451777191829,36.36785121541232
2023-08-07,47.833655005494144,36.358715921745066
2023-08-08,47.82359211095547,36.34592105382494
2023-08-09,47.80112821275961,36.33147975005511
2023-08-10,47.78190859140598,36.31651022632961
2023-08-11,47.76839660175942,36.30107023350742
2023-08-12,47.76015694566184,36.2873372100313
2023-08-13,47.75677497804656,36.275191527557396
2023-08-14,47.7578560728397,36.26451988664316
2023-08-15,47.760384247252176,36.252648939963734
2023-08-16,47.78252452197842,36.250152316725654
2023-08-17,47.79822928404281,36.24041065403053
2023-08-18,47.82115921083919,36.23271565363746
2023-08-19,47.846621280139445,36.2247759235855
2023-08-20,47.87332933245076,36.215871131898176
2023-08-21,47.89834571593322,36.206090906833694
2023-08-22,47.92493983120455,36.19536624085353
2023-08-23,47.94311885680538,36.18946617251383
2023-08-24,47.96027431718989,36.182522173597384
2023-08-25,47.97381625416953,36.18225799094997
2023-08-26,47.98398007544038,36.18249666470139
2023-08-27,48.90000814936813,36.02552480099439
2023-08-28,48.849156188603146,36.04001965863061
2023-08-29,48.794091898521614,36.05452637096955
2023-08-30,48.74489707603988,36.06666210585119
2023-08-31,48.699296885471504,36.08065411755699
2023-09-01,48.65363733685819,36.09188913856633
2023-09-02,48.61828499634412,36.113578437463175
2023-09-03,48.58520885745727,36.13396209954384
2023-09-04,48.55679842293447,36.15309501391822
2023-09-05,48.532790304651314,36.169062850211844
2023-09-06,48.50282375217018,36.176797547819966
2023-09-07,48.468032671835054,36.18245003278414
2023-09-08,48.441088489869216,36.19133747883816
2023-09-09,48.41616601389346,36.199845336965936
2023-09-10,48.39315973740955,36.20798809920218
2023-09-11,48.374655377207404,36.215779895096006
2023-09-12,48.3610343285703,36.223251280505316
2023-09-13,48.3718267187962,36.247377783197315
2023-09-14,48.35865765608954,36.25839787307849
2023-09-15,48.344250147138574,36.26862610160542
2023-09-16,48.31502539176428,36.27504526119863
2023-09-17,48.297300221901224,36.29203097089706
2023-09-18,48.27877264379666,36.30768405225232
2023-09-19,48.25112423981037,36.317452123881864
2023-09-20,48.247920711959786,36.33991115397866
2023-09-21,48.24933338368359,36.375206503361206
2023-09-22,48.247129212610226,36.41448054942115
2023-09-23,48.243017179201125,36.45026564032278
2023-09-24,48.239293018584156,36.48275591349526
2023-09-25,48.235934627656356,36.51213871688351
2023-09-26,48.22737785112305,36.5342548554815
2023-09-27,48.22442972454136,36.565249854524964
2023-09-28,48.21656517457364,36.59170225825617
2023-09-29,48.20721561575032,36.61709368288402
2023-09-30,48.20417223206996,36.64825340414614
2023-10-01,48.19463575746311,36.679252573401286
2023-10-02,48.18608767562024,36.70859602694633
2023-10-03,48.17851697584862,36.73639130400207
2023-10-04,47.53561167111259,36.36128599242576
2023-10-05,47.53929242998328,36.39899044276324
2023-10-06,47.534429279154836,36.42762730336739
2023-10-07,47.529995578408275,36.453783446025675
2023-10-08,47.529331179730335,36.47773251792705
2023-10-09,47.52765678981332,36.50290601469204
2023-10-10,47.52695157633204,36.52625951453666
2023-10-11,47.53257783557272,36.55341628133052
2023-10-12,47.531227459376595,36.574904424298154
2023-10-13,47.533462378324195,36.59426388378689
2023-10-14,47.53473705558797,36.61327034019798
2023-10-15,47.537344167725266,36.630197813290245
2023-10-16,47.54120429502311,36.643370619400834
2023-10-17,47.553129464099925,36.655985310554016
2023-10-18,47.558677769014366,36.66613549766922
2023-10-19,47.55696762896092,36.67269071506318
2023-10-20,47.56360124895575,36.69155919110346
2023-10-21,47.560497304449854,36.701552116027464
2023-10-22,47.55036617235624,36.704768561415136
2023-10-23,47.54026977849719,36.70881226245328
2023-10-24,47.532801255821084,36.71373982768466
2023-10-25,47.522614153297575,36.723315126172494
2023-10-26,47.51583956721714,36.738087174666944
2023-10-27,47.50652324990657,36.74845052725404
2023-10-28,47.51720273823408,36.7660784496315
2023-10-29,47.53364426576217,36.78063986010786
2023-10-30,47.55012624879545,36.79486423749592
2023-10-31,47.54781426243202,36.79432100331962
2023-11-01,47.55366110118898,36.79940034424239
2023-11-02,47.55323266310779,36.799940807079786
2023-11-03,47.5692173669633,36.81529026337363
2023-11-04,47.58593970265151,36.83627072403812
2023-11-05,47.608665898454305,36.865329677776884
2023-11-06,47.626065071764714,36.894317001937644
2023-11-07,47.63268880904268,36.92023204953783
2023-11-08,47.63766007503854,36.944460832719024
2023-11-09,47.64271279634718,36.96889631602299
2023-11-10,47.646213673842006,36.991669892591005
2023-11-11,47.64826692010956,37.01098113556717
2023-11-12,47.64897321179874,37.02900114692166
2023-11-13,47.61841439180601,37.02888103410115
2023-11-14,47.59445711342485,37.02865180536168
2023-11-15,47.579670758609645,37.04255403171239
2023-11-16,47.57490281174354,37.066962253188095
2023-11-17,47.5673202880995,37.08950137967197
2023-11-18,47.570763970912,37.12329754944565
2023-11-19,47.577166621626645,37.15562572822091
2023-11-20,47.58202467200755,37.18514244246405
2023-11-21,47.591719889800444,37.22923892435166
2023-11-22,47.60251332471282,37.26820706691243
2023-11-23,47.60900436706181,37.30534345395846
2023-11-24,47.61387824978602,37.33890049307924
2023-11-25,47.61970104763734,37.36720813954001
2023-11-26,47.62891593294878,37.390619277709234
2023-11-27,47.63869010719744,37.407484421296914
2023-11-28,47.64209208281088,37.41120324610411
2023-11-29,47.63930281852243,37.406735706465845
2023-11-30,47.644537859187295,37.41930074767051
2023-12-01,47.643062427913314,37.43027725239174
2023-12-02,47.63537505760435,37.44177075194869
2023-12-03,47.62831434587773,37.464179088850855
2023-12-04,47.620793442427114,37.48592714473549
2023-12-05,47.588891062998705,37.49500110271715
2023-12-06,47.56313444089464,37.50688294370674
2023-12-07,47.53882725353085,37.514247204981075
2023-12-08,47.51741592933609,37.52613468353559
2023-12-09,47.52588291226531,37.55511849644702
2023-12-10,47.5209089996063,37.573703877087524
2023-12-11,47.515559555437356,37.58982610266293
2023-12-12,47.5054002565202,37.60844368032427
2023-12-13,47.480026003249094,37.61352374348958
2023-12-14,47.4554060346051,37.622670842189926
2023-12-15,47.437187131241416,37.63782435095935
2023-12-16,47.43055968836408,37.666403941892916
2023-12-17,47.42629566317012,37.693264142647344
2023-12-18,47.431173835335,37.71944235607206
2023-12-19,47.43287423353688,37.73761383528144
2023-12-20,47.44130376225905,37.75641645140495
2023-12-21,47.44788174838596,37.77692741481012
2023-12-22,47.448208575979265,37.790918384723604
2023-12-23,47.45021430942221,37.802450231036964
2023-12-24,47.453780134039,37.81168753864985
2023-12-25,47.45659292785765,37.81467215730006
2023-12-26,47.460916073022624,37.81418077644818
2023-12-27,47.46663493243377,37.810469015209414
2023-12-28,47.47158961389236,37.80405376781026
2023-12-29,47.4752781533932,37.79695069133513
2023-12-30,47.47779396797977,37.78922048079918
2023-12-31,47.479226191995295,37.78092163720252
2024-01-01,47.47687476973363,37.77211046252437
2024-01-02,47.47105198226858,37.76284105155098
2024-01-03,47.46103882209698,37.75001397634165
2024-01-04,47.45423022735472,37.73582016282577
2024-01-05,47.452233364159845,37.73031678856024
2024-01-06,47.444160316797074,37.72669446181849
2024-01-07,47.432761725857745,37.71925353279637
2024-01-08,47.421743331886134,37.70916997203233
2024-01-09,47.42015610488307,37.6996341210601
2024-01-10,47.418001681842725,37.68989416457511
2024-01-11,47.4342078646903,37.693584842376595
2024-01-12,47.45081073982557,37.69374422261209
2024-01-13,47.46499900880397,37.69278209676007
2024-01-14,47.48600769151696,37.69719780434095
2024-01-15,47.50148326209171,37.702163029647544
2024-01-16,47.51184017545028,37.70762906041211
2024-01-17,47.51636496616057,37.71104550544673
2024-01-18,47.51943168710233,37.712227679781265
2024-01-19,47.52906782485149,37.72121300689984
2024-01-20,47.548283269948506,37.74385076007769
2024-01-21,47.5646641246226,37.763121669859736
2024-01-22,47.57571761894606,37.781344697861265
2024-01-23,47.574086716403386,37.808323604864306
2024-01-24,47.56583227188202,37.83833882171925
2024-01-25,47.554367069182895,37.870678164090876
2024-01-26,47.53122407256483,37.89766825709802
2024-01-27,47.50938808785352,37.922545955056435
2024-01-28,47.48878221577917,37.94544708461989
2024-01-29,47.46659270742779,37.96649997806063
2024-01-30,47.42036771076353,37.959219704368905
2024-01-31,47.398091229252316,37.95649573843993
2024-02-01,47.38136986184817,37.961945684598575
2024-02-02,47.36456584231223,37.971617320794415
2024-02-03,47.35478987515851,37.98558095138446
2024-02-04,47.346356507125236,38.00178388004534
2024-02-05,47.329865769545556,38.01389563433833
2024-02-06,47.312431677012455,38.02484082675223
2024-02-07,47.293948783308466,38.034953540360945
2024-02-08,47.27275117928815,38.046332076027696
2024-02-09,47.23610820428886,38.04734602359366
2024-02-10,47.20390987910175,38.05642497568291
2024-02-11,47.17474960333816,38.06549941044218
2024-02-12,47.15201185538016,38.074757671382194
2024-02-13,47.13147641770185,38.081041764662984
2024-02-14,47.10313708743661,38.079943496323644
2024-02-15,47.080798977399006,38.07906527775808
2024-02-16,47.067485688541616,38.08347605565728
2024-02-17,47.059698279240585,38.09525653275383
2024-02-18,47.060895226194354,38.122447290014115
2024-02-19,47.06213149411741,38.148883284138634
2024-02-20,47.06340377870504,38.17460235959226
2024-02-21,47.0716454327272,38.2003253907746
2024-02-22,47.076808781461715,38.221799836123196
2024-02-23,47.07918938741137,38.239149835836606
2024-02-24,47.08620345739935,38.26032803796775
2024-02-25,47.1045510200356,38.28895051201276
2024-02-26,47.12361881680975,38.314533395748704
2024-02-27,47.136323533414306,38.33178504636527
2024-02-28,47.15583218707992,38.35478961928457
2024-02-29,47.175590390683425,38.37465226644751
2024-03-01,47.18715498864634,38.38866093541064
2024-03-02,47.19756794547048,38.40085684168053
2024-03-03,47.219882344703535,38.41781392513517
2024-03-04,47.238332070947415,38.43120387271875
2024-03-05,47.26357399926012,38.4378287042761
2024-03-06,47.29064553849292,38.44153184103976
2024-03-07,47.316468467322174,38.44209070733639
2024-03-08,47.35051019089709,38.44652625244115
2024-03-09,47.38326581446547,38.448109999503124
2024-03-10,47.414806538285966,38.44884143517165
2024-03-11,47.447601011105895,38.44692443125953
2024-03-12,47.488102769804705,38.454275454794406
2024-03-13,47.52378515458786,38.45561744604744
2024-03-14,47.5617309201901,38.45345403767133
2024-03-15,47.601388494062284,38.44379042886947
2024-03-16,47.63876653679581,38.43675420768048
2024-03-17,47.674935643299385,38.430871401433315
2024-03-18,47.70896361276732,38.42312887977922
2024-03-19,47.73791784125376,38.4137688195082
2024-03-20,47.76526708070348,38.40464818607417
2024-03-21,47.79264208474781,38.39610259308936
2024-03-22,47.818446360863426,38.3859496148796
2024-03-23,47.85783558778603,38.38610846163643
2024-03-24,47.901480541016426,38.39138660280488
2024-03-25,47.944185913783436,38.39374304414464
2024-03-26,47.9811550565592,38.39166787008921
2024-03-27,48.02506170609005,38.39415224561071
2024-03-28,48.06946836741994,38.39805168993116
2024-03-29,48.11316715733297,38.40606832651421
2024-03-30,48.164644922444616,38.418922829358856
2024-03-31,48.21567002932447,38.43131635828365
2024-04-01,48.26436149783271,38.440196227910235
2024-04-02,48.29056582381718,38.43032291335695
2024-04-03,48.31203699765211,38.4189615330003
2024-04-04,48.330920999724405,38.40498100103184
2024-04-05,48.353956464395814,38.396815575564354
2024-04-06,48.375550660655186,38.385681753795254
2024-04-07,48.393518369250025,38.369089986068865
2024-04-08,48.40955006726601,38.353495858748005
2024-04-09,48.42341360627391,38.332269914455175
2024-04-10,48.43151018724816,38.30527065357587
2024-04-11,48.43679538915205,38.27787347223906
2024-04-12,48.45031217595291,38.26187602290679
2024-04-13,48.46625441538952,38.247179068672786
2024-04-14,48.48256613874276,38.23181640159037
2024-04-15,48.496907436593474,38.21762040610605
2024-04-16,48.527173564582554,38.21815248250533
2024-04-17,48.55004892910937,38.21829374533051
2024-04-18,48.568986005864474,38.22281089725665
2024-04-19,48.58818789559053,38.22878051193544
2024-04-20,48.61543786179199,38.23384960658628
2024-04-21,48.64172071821784,38.236488058281765
2024-04-22,48.66833854367123,38.238998733974775
2024-04-23,48.694289447685925,38.23807480180682
2024-04-24,48.72186867628433,38.239251194978834
