Date,Joe Biden,Donald Trump,Joe Biden Win Probability,Donald Trump Win Probability
2021-04-22,47.5832059113756,31.34872012364332,0.9987816126816157,0.0012183873183843064
2021-04-23,47.5832059113756,31.34872012364332,0.9987816126816157,0.0012183873183843064
2021-04-24,47.5832059113756,31.34872012364332,0.9987816126816157,0.0012183873183843064
2021-04-25,47.5832059113756,31.34872012364332,0.9987816126816157,0.0012183873183843064
2021-04-26,47.58320591137561,31.348720123643325,0.9987816126816157,0.0012183873183843064
2021-04-27,47.58320591137559,31.348720123643318,0.9987816126816157,0.0012183873183843064
2021-04-28,47.5832059113756,31.34872012364332,0.9987816126816157,0.0012183873183843064
2021-04-29,47.5832059113756,31.34872012364332,0.9987816126816157,0.0012183873183843064
2021-04-30,47.58320591137561,31.348720123643325,0.9987816126816157,0.0012183873183843064
2021-05-01,47.5832059113756,31.34872012364332,0.9987816126816157,0.0012183873183843064
2021-05-02,47.5832059113756,31.348720123643318,0.9987816126816157,0.0012183873183843064
2021-05-03,47.5832059113756,31.34872012364333,0.9987816126816157,0.0012183873183843064
2021-05-04,47.58320591137561,31.348720123643325,0.9987816126816157,0.0012183873183843064
2021-05-05,47.5832059113756,31.348720123643318,0.9987816126816157,0.0012183873183843064
2021-05-06,47.58320591137561,31.348720123643325,0.9987816126816157,0.0012183873183843064
2021-05-07,47.5832059113756,31.348720123643325,0.9987816126816157,0.0012183873183843064
2021-05-08,47.5832059113756,31.348720123643325,0.9987816126816157,0.0012183873183843064
2021-05-09,47.5832059113756,31.34872012364332,0.9987816126816157,0.0012183873183843064
2021-05-10,47.5832059113756,31.34872012364332,0.9987816126816157,0.0012183873183843064
2021-05-11,47.58320591137561,31.34872012364332,0.9987816126816157,0.0012183873183843064
2021-05-12,47.58320591137559,31.348720123643325,0.9987816126816157,0.0012183873183843064
2021-05-13,47.5832059113756,31.348720123643325,0.9987816126816157,0.0012183873183843064
2021-05-14,47.58320591137559,31.34872012364332,0.9987816126816157,0.0012183873183843064
2021-05-15,47.74975141424149,31.529206060116156,0.9987710681873322,0.0012289318126678106
2021-05-16,47.90026352369133,31.692316552786927,0.9987614670498486,0.0012385329501514164
2021-05-17,48.03670175607588,31.840175136290394,0.9987527044285769,0.0012472955714231126
2021-05-18,48.1607248793101,31.974579423143098,0.998744689983803,0.0012553100161970532
2021-05-19,48.27374653728333,32.09706138410866,0.9987373454637457,0.001262654536254293
2021-05-20,48.37697895514953,32.208934711771796,0.9987306027563796,0.001269397243620407
2021-05-21,48.471467602751495,32.31133238541073,0.9987244023053564,0.001275597694643582
2021-05-22,48.55811892615411,32.40523672375556,0.9987186918133859,0.001281308186614094
2021-05-23,48.63772271274016,32.4915036221199,0.9987134251742376,0.0012865748257624432
2021-05-24,48.71097026394769,32.57088224625889,0.998708561587832,0.0012914384121679445
2021-05-25,48.7784692650894,32.64403114684405,0.9987040648229243,0.0012959351770757133
2021-05-26,48.84075603240392,32.71153153163487,0.9986999025995019,0.0013000974004980792
2021-05-27,48.898305662012746,32.77389826393851,0.9986960460688594,0.001303953931140578
2021-05-28,48.88317539067092,32.85577231033669,0.998616125336546,0.001383874663454021
2021-05-29,48.869164407860936,32.93158957962108,0.9985381525052773,0.0014618474947226678
2021-05-30,48.85617694334655,33.00186831079667,0.9984623161496861,0.0015376838503139423
2021-05-31,48.844127074308595,33.06707345579485,0.9983887638200942,0.0016112361799057728
2021-06-01,48.83293750392734,33.1276232888991,0.9983176066577332,0.0016823933422668302
2021-06-02,48.82253851825503,33.18389505139396,0.9982489237710853,0.001751076228914683
2021-06-03,48.81286709165445,33.23622979228148,0.998182766320231,0.001817233679769048
2021-06-04,48.80386611661247,33.28493653597212,0.9981191612805304,0.0018808387194696463
2021-06-05,48.79548373813742,33.3302958840425,0.9980581148747597,0.0019418851252402947
2021-06-06,48.78767277647047,33.372563139102695,0.9979996156754484,0.0020003843245516295
2021-06-07,48.84709536315264,33.51543664199231,0.9978985683101536,0.0021014316898464447
2021-06-08,48.90252679533042,33.648713958373506,0.9978001567700495,0.002199843229950482
2021-06-09,48.9542601891102,33.77309984593535,0.9977045616045539,0.0022954383954461033
2021-06-10,49.002564081528284,33.8892399653463,0.997611923545198,0.0023880764548019906
2021-06-11,49.04768485759827,33.99772671575817,0.997522347474947,0.0024776525250530534
2021-06-12,49.08984889473536,34.09910439078202,0.99743590627817,0.002564093721829974
2021-06-13,49.12926446253366,34.19387374624357,0.9973526445152866,0.0026473554847133984
2021-06-14,49.16612341013283,34.282496057225835,0.9972725818842662,0.0027274181157338484
2021-06-15,49.20060266862773,34.365396730408406,0.9971957164455673,0.0028042835544327405
2021-06-16,49.232865591976584,34.442968528098135,0.9971220275983567,0.002877972401643336
2021-06-17,49.26306315650759,34.51557445227907,0.9970514788044584,0.0029485211955415647
2021-06-18,49.2913350362991,34.58355033021739,0.9969840200629587,0.00301597993704128
2021-06-19,49.31781056932289,34.6472071374212,0.9969195901430977,0.0030804098569022775
2021-06-20,49.34260962721911,34.70683308889562,0.9968581185863985,0.0031418814136014994
2021-06-21,49.365843399853915,34.76269552550458,0.9967995274911845,0.0032004725088154995
2021-06-22,49.38761510434756,34.81504261873233,0.9967437330939759,0.0032562669060240967
2021-06-23,49.40802062701048,34.86410491413084,0.9966906471629193,0.00330935283708067
2021-06-24,49.42714910555323,34.91009673116446,0.9966401782185722,0.0033598217814277964
2021-06-25,49.445083458016235,34.95321743494924,0.9965922325971478,0.003407767402852202
2021-06-26,49.437953938351704,34.89239504870327,0.9966937120089978,0.003306287991002188
2021-06-27,49.43126746096204,34.83535228431596,0.9967864074042865,0.0032135925957135214
2021-06-28,49.42499563029809,34.78184689754919,0.9968712223282952,0.00312877767170483
2021-06-29,49.41911197268847,34.73165303982665,0.9969489503921989,0.003051049607801115
2021-06-30,49.41359179434048,34.68456004683041,0.9970202906662924,0.002979709333707614
2021-07-01,49.40841205119738,34.64037132824515,0.9970858606635933,0.002914139336406718
2021-07-02,49.40355122951149,34.59890334891939,0.9971462073266908,0.002853792673309208
2021-07-03,49.39898923611807,34.55998469278509,0.9972018163543721,0.002798183645627894
2021-07-04,49.39470729750529,34.52345520181767,0.9972531201433019,0.002746879856698081
2021-07-05,49.39068786687252,34.4891651831434,0.9973005045706864,0.002699495429313581
2021-07-06,49.38691453845371,34.4569746781276,0.9973443148039666,0.0026556851960334305
2021-07-07,49.38337196845845,34.42675278791709,0.9973848602912467,0.002615139708753267
2021-07-08,49.38004580204879,34.39837705047536,0.99742241905984,0.002577580940160029
2021-07-09,49.37692260582914,34.37173286464903,0.9974572414288237,0.0025427585711762513
2021-07-10,49.321440749317915,34.59283970123933,0.9970195593441423,0.0029804406558576746
2021-07-11,49.26933802015979,34.80048000649025,0.9965478973307639,0.0034521026692361234
2021-07-12,49.22040583561689,34.995485026366374,0.9960449724409158,0.003955027559084168
2021-07-13,49.17444881318846,35.178633401118454,0.9955138747439943,0.004486125256005669
2021-07-14,49.13128389732854,35.350654645496725,0.9949579639273347,0.00504203607266529
2021-07-15,49.09073954830547,35.51223238131547,0.9943807708874194,0.005619229112580615
2021-07-16,49.05265498828997,35.66400734195073,0.9937859075001796,0.006214092499820412
2021-07-17,49.01687950019935,35.80658016659288,0.9931769866536717,0.006823013346328288
2021-07-18,48.9832717752226,35.94051400049594,0.9925575536745307,0.00744244632546931
2021-07-19,48.95169930530751,36.066336916044094,0.9919310295045762,0.008068970495423766
2021-07-20,48.92203781721167,36.18454416817714,0.9913006653872524,0.008699334612747633
2021-07-21,48.89417074500906,36.29560029656222,0.9906695083923209,0.00933049160767907
2021-07-22,48.86798873820532,36.399941085857776,0.9900403768203327,0.009959623179667254
2021-07-23,48.84338920285107,36.49797539447304,0.9894158443612532,0.010584155638746817
2021-07-24,48.82027587325709,36.59008686137325,0.988798231809267,0.011201768190733041
2021-07-25,48.79855841210883,36.676635499706855,0.9881896051350141,0.011810394864985918
2021-07-26,48.778152036954765,36.7579591853279,0.9875917787669213,0.01240822123307872
2021-07-27,48.75897717120276,36.834375047648834,0.9870063230178275,0.012993676982172464
2021-07-28,48.74095911790499,36.90618076967583,0.9864345746980728,0.01356542530192717
2021-07-29,48.72402775474492,36.973655803549775,0.9858776500710098,0.014122349928990197
2021-07-30,48.70811724876123,37.0370625074313,0.9853364594236906,0.014663540576309364
2021-07-31,48.693165789454596,37.09664720912618,0.9848117226387065,0.015188277361293467
2021-08-01,48.67911533902472,37.152641201443075,0.984303985259151,0.01569601474084903
2021-08-02,48.665911398578174,37.205261673904644,0.9838136346351991,0.016186365364800892
2021-08-03,48.653502789232355,37.25471258509363,0.9833409158267233,0.01665908417327666
2021-08-04,48.6741510385961,37.16766806295574,0.9841564291180773,0.015843570881922675
2021-08-05,48.69355606226037,37.085864468753755,0.9848913944008882,0.015108605599111757
2021-08-06,48.71179293219146,37.00898532997169,0.9855552180493578,0.01444478195064225
2021-08-07,48.7289321617725,36.9367333912037,0.9861560443312372,0.013843955668762842
2021-08-08,48.74503998556914,36.868829434778114,0.9867009433097153,0.01329905669028475
2021-08-09,48.76017862158204,36.80501117520798,0.9871960685710652,0.012803931428934767
2021-08-10,48.77440651712279,36.74503222267998,0.9876467898922701,0.01235321010772994
2021-08-11,48.78777857937043,36.68866111112275,0.9880578050654959,0.011942194934504102
2021-08-12,48.80034639159421,36.63568038670069,0.9884332343584574,0.011566765641542576
2021-08-13,48.81215841596106,36.58588575286123,0.9887767004835482,0.011223299516451846
2021-08-14,48.82326018378414,36.53908526832504,0.9890913964507405,0.010908603549259488
2021-08-15,48.83369447401177,36.49509859465057,0.9893801432702931,0.010619856729706889
2021-08-16,48.84350148070212,36.45375629022912,0.9896454391351852,0.010354560864814788
2021-08-17,48.852718970180455,36.41489914777512,0.9898895014367454,0.010110498563254633
2021-08-18,48.86138242852887,36.37837757256961,0.9901143027393213,0.009885697260678672
2021-08-19,48.49246186235792,36.528248881963385,0.9872517604270034,0.012748239572996645
2021-08-20,48.14571223969235,36.66911340605339,0.9839336346819127,0.01606636531808725
2021-08-21,47.8197996236507,36.80151304704135,0.9801658164343643,0.01983418356563571
2021-08-22,47.51347051372486,36.92595703043462,0.9759654794039435,0.024034520596056486
2021-08-23,47.2255469746543,37.042923883905736,0.9713595945329072,0.02864040546709279
2021-08-24,46.95492206271066,37.152863295331144,0.9663831089962482,0.03361689100375176
2021-08-25,46.700555530953174,37.25619785750024,0.9610769809058476,0.03892301909415241
2021-08-26,46.461469796191146,37.35332470650751,0.9554862275953788,0.04451377240462118
2021-08-27,46.23674615148644,37.444617060396034,0.949658105467589,0.050341894532411
2021-08-28,46.025521209053565,37.530425664203634,0.9436404996749411,0.056359500325058876
2021-08-29,45.82698355937025,37.611080147174945,0.9374805667474644,0.06251943325253562
2021-08-30,45.64037063320578,37.686890297539705,0.9312236448714638,0.06877635512853619
2021-08-31,45.46496575410833,37.758147259918466,0.9249124254388349,0.0750875745611651
2021-09-01,45.300095369673414,37.82512466009968,0.9185863652614743,0.0814136347385257
2021-09-02,45.145126450645,37.88807966163614,0.9122813104425731,0.0877186895574269
2021-09-03,45.18713197166566,38.15028500072242,0.9055474572678079,0.09445254273219206
2021-09-04,45.226614967816744,38.39674432660121,0.898877447461599,0.10112255253840097
2021-09-05,45.263726991304594,38.628403652955576,0.8923009511974995,0.10769904880250047
2021-09-06,45.298610481110266,38.84615210722446,0.88584350259691,0.11415649740308997
2021-09-07,45.187705520599614,38.821479025928845,0.8827045661461705,0.11729543385382946
2021-09-08,45.08345994137283,38.7982874604738,0.8796988225940393,0.12030117740596069
2021-09-09,44.985473733128174,38.776488420370114,0.8768244616068517,0.12317553839314832
2021-09-10,44.893370929614946,38.75599826422043,0.8740791176976721,0.1259208823023279
2021-09-11,44.806798161451674,38.73673837776409,0.8714599683528512,0.12854003164714878
2021-09-12,44.72542329627278,38.71863487134982,0.8689638214070668,0.13103617859293315
2021-09-13,44.64893416090816,38.701618295658406,0.8665871923210711,0.13341280767892894
2021-09-14,44.577037340623434,38.68562337456908,0.8643263720867969,0.13567362791320314
2021-09-15,44.50945705075386,38.670588754131394,0.8621774865172948,0.13782251348270524
2021-09-16,44.58400455074941,38.85242145982064,0.8577182069803206,0.14228179301967936
2021-09-17,44.65407650708715,39.02333763292621,0.85343856094326,0.14656143905674002
2021-09-18,44.719941668841564,39.18399279336991,0.8493378447475973,0.15066215525240267
2021-09-19,44.78185264077048,39.33500308262655,0.8454142947669834,0.15458570523301662
2021-09-20,44.84004685388013,39.47694763107973,0.8416652586964557,0.1583347413035443
2021-09-21,44.89474747755509,39.610370782846054,0.8380873492037693,0.16191265079623074
2021-09-22,44.76959857798425,39.500189153764076,0.8374011788920461,0.16259882110795387
2021-09-23,44.65196262917107,39.396621958820404,0.8367544784359457,0.16324552156405425
2021-09-24,44.54260914892843,39.47729752283184,0.8278559721606384,0.17214402783936156
2021-09-25,44.56984048807184,39.50228043862915,0.827963036572313,0.17203696342768704
2021-09-26,44.59543711427535,39.52576361563233,0.8280636350814287,0.17193636491857134
2021-09-27,44.619497171750005,39.54783709453113,0.8281581603977344,0.17184183960226562
2021-09-28,44.64211291103201,39.568585508966464,0.8282469811230886,0.1717530188769114
2021-09-29,44.66337104306013,39.58808841037246,0.8283304432609091,0.1716695567390909
2021-09-30,44.683353071962934,39.606420573286286,0.8284088716277547,0.17159112837224533
2021-10-01,44.70213560783804,39.623652282302025,0.8284825711737607,0.17151742882623933
2021-10-02,44.719790660728265,39.63984960177394,0.8285518282181457,0.17144817178185434
2021-10-03,44.73638591692669,39.65507462930773,0.8286169116055464,0.1713830883944536
2021-10-04,44.751984998674196,39.66938573401549,0.828678073788519,0.171321926211481
2021-10-05,44.76664770824914,39.68283778045148,0.8287355518411536,0.17126444815884645
2021-10-06,44.780430257388055,39.69548233909022,0.8287895684083812,0.17121043159161875
2021-10-07,44.65349601273593,39.58064950118293,0.8282145974457447,0.17178540255425534
2021-10-08,44.534181207695845,39.47270969577695,0.8276730170201461,0.17232698297985394
2021-10-09,44.422028447304655,39.37124913412826,0.8271629537067853,0.17283704629321472
2021-10-10,44.316607796976776,39.27587886990716,0.8266826312674057,0.1733173687325943
2021-10-11,44.21751513353576,39.186233307435764,0.8262303665981259,0.17376963340187412
2021-10-12,44.12437059530485,39.10196879954089,0.8258045657127387,0.17419543428726125
2021-10-13,44.03681712530107,39.022762329634226,0.8254037197835338,0.17459628021646623
2021-10-14,43.95451910193602,38.94831027295665,0.8250264012575572,0.17497359874244278
2021-10-15,43.877161051963384,38.87832723222813,0.8246712600626845,0.17532873993731546
2021-10-16,43.80444644072973,38.812544943231416,0.8243370199148092,0.17566298008519077
2021-10-17,43.7360965350829,38.75071124612605,0.8240224747348679,0.1759775252651321
2021-10-18,43.671849334571604,38.69258911854313,0.8237264851821418,0.17627351481785825
2021-10-19,43.49902264069699,38.54952160400751,0.8222839151597537,0.17771608484024626
2021-10-20,43.336569835869824,38.41504168950526,0.8209211642818142,0.17907883571818584
2021-10-21,43.32222536608996,38.341239235605485,0.82380992056476,0.17619007943524
2021-10-22,43.308741917530206,38.271866745300066,0.826498229570621,0.17350177042937898
2021-10-23,43.32498953492525,38.21902545582385,0.8297851758432864,0.17021482415671363
2021-10-24,43.34026189822536,38.16935593502543,0.8328381983972861,0.16716180160271388
2021-10-25,43.35461754771657,38.12266779534678,0.8356755706969743,0.1643244293030257
2021-10-26,43.36811150962409,38.07878207782893,0.8383139900373362,0.1616860099626638
2021-10-27,43.38079550707096,38.037530566022035,0.84076872386527,0.15923127613472998
2021-10-28,43.39271815837043,37.99875514108916,0.8430537424031278,0.1569462575968722
2021-10-29,43.4039251634127,37.962307175630464,0.845181838687767,0.15481816131223303
2021-10-30,43.4736224605368,38.03484309884757,0.8450556124950779,0.15494438750492212
2021-10-31,43.539136248889605,38.10302512767371,0.8449369009449241,0.15506309905507587
2021-11-01,43.600717642652604,38.16711460364925,0.8448252601860579,0.15517473981394214
2021-11-02,43.55783560451361,38.182424909790306,0.8422200838215614,0.15777991617843856
2021-11-03,43.5175275105227,38.19681623272518,0.8397452376458706,0.1602547623541294
2021-11-04,43.479638860978866,38.21034373395792,0.8373959317007618,0.16260406829923824
2021-11-05,43.444024430147685,38.22305926387973,0.8351673141781466,0.1648326858218534
2021-11-06,43.43467102551496,38.282854205653656,0.8319444725886014,0.16805552741139862
2021-11-07,43.40709652662806,38.36234407310991,0.8268750233162492,0.17312497668375082
2021-11-08,43.38117714955584,38.437062669319765,0.8220220090516256,0.1779779909483744
2021-11-09,43.35681354705133,38.50729638568881,0.8173828706293425,0.18261712937065755
2021-11-10,43.359882121520286,38.539953386790096,0.8159164613406742,0.1840835386593258
2021-11-11,43.36276650924844,38.57065019867062,0.8145314075435592,0.18546859245644076
2021-11-12,43.37046422995113,38.534788599032545,0.816697791454731,0.18330220854526902
2021-11-13,43.37769990649842,38.50107953819859,0.8187196914788459,0.18128030852115407
2021-11-14,43.38450127256459,38.46939381247835,0.8206074434553727,0.17939255654462727
2021-11-15,43.39089439712233,38.439609973575706,0.8223705737055447,0.17762942629445533
2021-11-16,43.39690378436809,38.41161386306441,0.8240178685778041,0.17598213142219588
2021-11-17,43.31583995471482,38.397450905822936,0.8207678281470859,0.17923217185291407
2021-11-18,43.27642497392692,38.46150908413014,0.8156672993824576,0.18433270061754237
2021-11-19,43.239375813653815,38.52172227382264,0.8107914446841724,0.1892085553158276
2021-11-20,43.24407491339494,38.60766359641835,0.8066584200411384,0.1933415799588616
2021-11-21,43.248491957413485,38.688446432670055,0.8027236630666483,0.19727633693335167
2021-11-22,43.25264387570138,38.76438041335334,0.7989812645300087,0.20101873546999127
2021-11-23,43.25654658204477,38.835756583967154,0.7954249561556295,0.20457504384437053
2021-11-24,43.3145787586794,38.93440381419753,0.7932663345985308,0.2067336654014692
2021-11-25,43.27078838129448,39.047774015029134,0.7847873905068127,0.21521260949318732
2021-11-26,43.22962644647619,39.15433936330076,0.7766363970361534,0.2233636029638466
2021-11-27,43.19093518602928,39.25450830975072,0.768816998708095,0.23118300129190505
2021-11-28,43.154566301599345,39.34866478836703,0.7613297570854242,0.23867024291457584
2021-11-29,43.120380396251534,39.43716968798973,0.7541726430885827,0.24582735691141733
2021-11-30,43.08824644016914,39.52036223557965,0.7473414792829096,0.2526585207170904
2021-12-01,43.058041268423864,39.59856129645585,0.740830332762322,0.259169667237678
2021-12-02,43.029649108892514,39.672066596485976,0.7346318606897815,0.2653681393102185
2021-12-03,43.002961138510614,39.74115987091448,0.728737611476292,0.271262388523708
2021-12-04,43.04648723099604,39.87902026648041,0.7228693125882032,0.2771306874117968
2021-12-05,43.0874007473401,40.00860583745888,0.7172972052034049,0.2827027947965951
2021-12-06,43.125858503010576,40.130413266211825,0.7120109557850892,0.2879890442149108
2021-12-07,43.072019409713924,40.14572248580489,0.7075902856904996,0.29240971430950036
2021-12-08,43.02141191116245,40.16011279702561,0.7034064178334587,0.2965935821665413
2021-12-09,42.97384203644677,40.17363935576656,0.6994488599138909,0.30055114008610906
2021-12-10,42.92912745745599,40.1863540072747,0.6957072566605896,0.30429274333941037
2021-12-11,42.8870967900338,40.19830548486857,0.6921714472275784,0.3078285527724216
2021-12-12,42.847588937082,40.20953959672772,0.6888315105239137,0.31116848947608633
2021-12-13,42.810452471093825,40.22009940147018,0.6856778002764716,0.3143221997235284
2021-12-14,42.77554505375006,40.23002537319109,0.6827009714013292,0.31729902859867076
2021-12-15,42.881118230974984,40.242957492585695,0.6888388601564008,0.31116113984359917
2021-12-16,42.980354571462016,40.2551133851826,0.6945608832481296,0.3054391167518704
2021-12-17,43.07363443253341,40.26653964261083,0.6998964919499399,0.30010350805006014
2021-12-18,43.16131534120723,40.27728005991569,0.7048730476248134,0.2951269523751866
2021-12-19,43.2437333645517,40.28737580341961,0.7095159454806608,0.29048405451933923
2021-12-20,43.19245438403449,40.24797991025196,0.7087554341964033,0.2912445658035967
2021-12-21,43.14876890320094,40.274116548296746,0.7042681929412351,0.2957318070587649
2021-12-22,43.10770556272787,40.298684382881035,0.7000215541107718,0.2999784458892282
2021-12-23,43.06910697339543,40.32177757858751,0.6960048400116228,0.30399515998837723
2021-12-24,43.03282519299603,40.343484647934716,0.692207512996259,0.30779248700374096
2021-12-25,42.99872115929286,40.36388879063289,0.6886192340954046,0.3113807659045954
2021-12-26,42.966664157014286,40.38306821247669,0.6852299092791913,0.31477009072080875
2021-12-27,42.93653131684109,40.40109642509653,0.6820297251992404,0.31797027480075957
2021-12-28,42.908207144466346,40.41804252771809,0.6790091760323574,0.32099082396764256
2021-12-29,42.88158307792262,40.43397147200934,0.6761590828365212,0.32384091716347885
2021-12-30,42.85655707148017,40.448944311030715,0.6734706066412162,0.32652939335878384
2021-12-31,42.83303320452089,40.46301843324242,0.6709352563262234,0.3290647436737766
2022-01-01,42.81092131388894,40.47624778246568,0.6685448921946004,0.33145510780539955
2022-01-02,42.79013664830907,40.488683064641286,0.6662917260152124,0.33370827398478764
2022-01-03,42.770599543547924,40.50037194217775,0.6641683181962492,0.3358316818037508
2022-01-04,42.75223511707313,40.51135921663401,0.6621675726520395,0.3378324273479605
2022-01-05,42.73497298104017,40.52168700043688,0.660282729839619,0.339717270160381
2022-01-06,42.71874697250663,40.5313948782915,0.6585073583672714,0.34149264163272863
2022-01-07,42.69080313800193,40.6012508332978,0.6517808960539414,0.3482191039460586
2022-01-08,42.737033137252936,40.66387360014421,0.650648678750157,0.349351321249843
2022-01-09,42.78048826718276,40.72273755242549,0.6495831968114785,0.35041680318852153
2022-01-10,42.8213350841666,40.77806830600195,0.648580593935242,0.35141940606475797
2022-01-11,42.815029680311106,40.737060452873436,0.6509810144459977,0.34901898555400235
2022-01-12,42.80910274652798,40.69851401942512,0.6532318610883504,0.3467681389116496
2022-01-13,42.80353156585572,40.662281263523155,0.655342686812788,0.34465731318721204
2022-01-14,42.79829478487659,40.62822331098273,0.6573224155739454,0.34267758442605456
2022-01-15,42.79337233187223,40.596209623285525,0.6591793845445115,0.3408206154554885
2022-01-16,42.78874533989212,40.56611749724639,0.6609213836358784,0.3390786163641216
2022-01-17,42.784396074439506,40.53783159471183,0.6625556924409643,0.33744430755903565
2022-01-18,42.780307865497946,40.51124350048734,0.664089114724892,0.33591088527510804
2022-01-19,42.776465043637884,40.486251306799474,0.665528010594586,0.334471989405414
2022-01-20,42.82927557759427,40.57273160416617,0.663236154432606,0.336763845567394
2022-01-21,42.87891625824035,40.65402108378599,0.6610763195182603,0.3389236804817397
2022-01-22,42.892542462270455,40.762379805063595,0.6545799372784904,0.3454200627215096
2022-01-23,42.926981932736346,40.735540338507185,0.6587875499717712,0.34121245002822875
2022-01-24,42.95935423857355,40.71031186059745,0.6627247001936123,0.3372752998063877
2022-01-25,43.08284469847851,40.70896948283528,0.6711959432591548,0.32880405674084523
2022-01-26,43.18849903943091,40.681838077639696,0.6801112408082517,0.3198887591917483
2022-01-27,43.28781167678575,40.656335184139785,0.6883977250168701,0.31160227498312987
2022-01-28,43.38116325942568,40.63236305397059,0.6961008821162185,0.30389911788378154
2022-01-29,43.46891158849455,40.60982980593043,0.7032632071048254,0.29673679289517463
2022-01-30,43.55139298879038,40.58864907381522,0.7099242843694502,0.2900757156305498
2022-01-31,43.628923597843354,40.568739675390944,0.7161209007768432,0.2838790992231568
2022-02-01,43.701800577619004,40.55002530123558,0.7218871799408646,0.2781128200591354
2022-02-02,43.77030325349128,40.5324342222575,0.727254729052056,0.272745270947944
2022-02-03,43.83469418485085,40.51589901476969,0.7322527917964553,0.2677472082035447
2022-02-04,43.895220171451875,40.50035630206588,0.7369084025813153,0.2630915974186847
2022-02-05,43.95211319935508,40.485746511508005,0.7412465386095585,0.25875346139044153
2022-02-06,44.00559133009202,40.47201364619414,0.74529026737214,0.25470973262786
2022-02-07,44.055859536458954,40.45910507033157,0.7490608879173143,0.2509391120826857
2022-02-08,43.99143102950686,40.367474574021365,0.7506752562906926,0.24932474370930735
2022-02-09,43.9308697226792,40.28134402615785,0.7521876762187898,0.2478123237812102
2022-02-10,43.873943494545664,40.200383302656675,0.753604837922949,0.24639516207705103
2022-02-11,43.877515981749085,40.145476439671484,0.757034774836155,0.242965225163845
2022-02-12,43.88087403711872,40.09386525799925,0.7602351381709019,0.23976486182909806
2022-02-13,43.8840305315229,40.045351940555555,0.7632223108429721,0.2367776891570279
2022-02-14,43.886997563280175,39.99975054385569,0.7660114202668648,0.23398857973313525
2022-02-15,43.88978650453021,39.956886285323925,0.7686164391743481,0.23138356082565192
2022-02-16,43.89240804482132,39.91659487338091,0.771050278685822,0.228949721314178
2022-02-17,43.894872232081745,39.87872187774122,0.7733248740360811,0.22667512596391892
2022-02-18,43.89718851113166,39.84312213750761,0.7754512633932904,0.2245487366067096
2022-02-19,43.89936575988367,39.80965920479345,0.7774396602266571,0.22256033977334289
2022-02-20,43.90141232337026,39.77820482174037,0.779299519680128,0.220700480319872
2022-02-21,43.903336045729056,39.7486384289274,0.7810395994006816,0.21896040059931843
2022-02-22,43.9413241424815,39.83581134236253,0.7783182809033435,0.22168171909665646
2022-02-23,43.97703207510935,39.917751865474244,0.7757427757178602,0.2242572242821398
2022-02-24,44.04763861775994,40.05896188790327,0.771777036496546,0.22822296350345395
2022-02-25,44.04336988385198,40.05716059224272,0.7716377332182932,0.2283622667817068
2022-02-26,43.99573207423588,40.10287234730183,0.7663325605204578,0.23366743947954216
2022-02-27,43.95095363461916,40.14584034016683,0.761284143509148,0.23871585649085203
2022-02-28,43.90886293668958,40.18622926000865,0.7564848498835111,0.24351515011648894
2022-03-01,43.85625307897755,40.189284322157015,0.7532166155833551,0.24678338441664494
2022-03-02,43.80680102910337,40.19215600994139,0.7501232686660131,0.2498767313339869
2022-03-03,43.760317245584794,40.194855330063454,0.7471969348592868,0.25280306514071316
2022-03-04,43.71662356381107,40.19739262856822,0.7444298862118633,0.25557011378813665
2022-03-05,43.67555251316762,40.19977763049886,0.7418145730368262,0.2581854269631738
2022-03-06,43.63694667514891,40.20201947717107,0.7393436489122598,0.2606563510877402
2022-03-07,43.600658079999526,40.20412676121021,0.7370099897494544,0.2629900102505456
2022-03-08,43.566547639570665,40.20610755948548,0.7348067078165801,0.2651932921834199
2022-03-09,43.58288374201772,40.23795695963307,0.733856786794326,0.266143213205674
2022-03-10,43.52213034602701,40.21897548827987,0.7312904427599033,0.2687095572400967
2022-03-11,43.48985260640057,40.21455751473647,0.7295719365654743,0.27042806343452575
2022-03-12,43.45951227742799,40.21040472175128,0.7279515879770166,0.27204841202298335
2022-03-13,43.43099306967575,40.20650119235962,0.7264241088484873,0.2735758911515127
2022-03-14,43.4041856737651,40.20283196498279,0.7249844546166468,0.27501554538335315
2022-03-15,43.37898734140739,40.19938297608262,0.7236278188287113,0.2763721811712887
2022-03-16,43.35415257213151,40.1394112160919,0.725817887402468,0.274182112597532
2022-03-17,43.330808463201954,40.0830391482716,0.7278686551224032,0.2721313448775968
2022-03-18,43.308865540533006,40.03005070786456,0.7297893515855676,0.27021064841443243
2022-03-19,43.28823970055286,39.98024279899466,0.7315885595311552,0.2684114404688448
2022-03-20,43.268851887848506,39.93342451623413,0.7332742629616881,0.2667257370383119
2022-03-21,43.250627792159605,39.88941641289474,0.7348538915773808,0.2651461084226192
2022-03-22,43.19555587567091,39.8249133650711,0.7354304903253936,0.26456950967460635
2022-03-23,43.2879004433617,39.8621928765203,0.7387842638147616,0.2612157361852384
2022-03-24,43.394469149162816,39.93286278543921,0.7409588803840572,0.2590411196159428
2022-03-25,43.494641268712364,39.99929086591147,0.7429944003155082,0.25700559968449177
2022-03-26,43.54484690079609,40.057345763807085,0.7425216578380291,0.25747834216197085
2022-03-27,43.59203903418471,40.111916025581365,0.7420768793209598,0.2579231206790402
2022-03-28,43.63639854847323,40.16321080996779,0.7416584346432202,0.25834156535677977
2022-03-29,43.67809546629895,40.21142672133998,0.7412647858232259,0.25873521417677414
2022-03-30,43.71728960500985,40.25674856326351,0.7408944821649598,0.2591055178350402
2022-03-31,43.75413118921808,40.29935004681725,0.7405461556146121,0.2594538443853879
2022-04-01,43.78876142658566,40.33939445639909,0.7402185163248652,0.25978148367513476
2022-04-02,43.82131304905018,40.37703527556779,0.7399103484229383,0.26008965157706165
2022-04-03,43.851910821564125,40.41241677532002,0.7396205059776282,0.2603794940223718
2022-04-04,43.8806720202982,40.44567456705695,0.7393479091600365,0.26065209083996355
2022-04-05,43.82064753707239,40.4190850409391,0.7373163860659679,0.26268361393403206
2022-04-06,43.754547544506764,40.357793743906285,0.7370235426457759,0.26297645735422415
2022-04-07,43.692415079744706,40.30018134176668,0.736748124525519,0.26325187547448103
2022-04-08,43.63401199938748,40.246027015769556,0.7364891035997008,0.26351089640029923
2022-04-09,43.57911445414628,40.19512320139451,0.7362455113804924,0.26375448861950757
2022-04-10,43.52751203086511,40.147274792791436,0.7360164356659298,0.2639835643340702
2022-04-11,43.47900694604218,40.10229839497211,0.7358010173788996,0.2641989826211004
2022-04-12,43.43341328775862,40.0600216208878,0.7355984475701095,0.2644015524298905
2022-04-13,43.39055630310902,40.02028243069829,0.7354079645782952,0.26459203542170484
2022-04-14,43.35027172840268,39.98292851070024,0.7352288513408922,0.2647711486591078
2022-04-15,43.31240515956817,39.94781668953405,0.7350604328485469,0.26493956715145306
2022-04-16,43.276811460348206,39.91481238943185,0.7349020737368955,0.26509792626310447
2022-04-17,43.24335420601655,39.883789110403356,0.7347531760092274,0.2652468239907726
2022-04-18,43.21190516048469,39.854627945382376,0.734613176883793,0.265386823116207
2022-04-19,43.182343784794355,39.8272171244759,0.7344815467596979,0.2655184532403021
2022-04-20,43.157123242597315,39.82403441912112,0.7331307594856552,0.2668692405143448
2022-04-21,43.133416516037116,39.82104274967256,0.7318578927942432,0.2681421072057568
2022-04-22,43.16142033093012,39.84174568222611,0.7323068545334743,0.2676931454665257
2022-04-23,43.20630434598322,39.8959121220808,0.7317359741232908,0.26826402587670917
2022-04-24,43.21522444046359,39.89715444769884,0.7322082100307975,0.2677917899692025
2022-04-25,43.2347401482743,39.93075174087743,0.7313417749089126,0.2686582250910874
2022-04-26,43.2530844624086,39.96233241968797,0.7305260635851285,0.2694739364148715
2022-04-27,43.3073207445624,40.00597143127524,0.7311792357558485,0.26882076424415147
2022-04-28,43.361334793897484,40.09271757825146,0.7291592028561168,0.2708407971438832
2022-04-29,43.444527721676366,40.18634070442686,0.7285139241977405,0.2714860758022595
2022-04-30,43.522727150348686,40.2743442784433,0.7279066797598691,0.2720933202401309
2022-05-01,43.596232805311786,40.357065603355764,0.7273352689917237,0.27266473100827626
2022-05-02,43.66532642150935,40.43482173623733,0.7267976136393733,0.27320238636062666
2022-05-03,43.6807480216797,40.44679882033734,0.7270114668864138,0.2729885331135862
2022-05-04,43.655307208686594,40.50170150163784,0.7220018328344341,0.2779981671655659
2022-05-05,43.63139343267051,40.553308752697745,0.7172523582555449,0.2827476417444551
2022-05-06,43.60891503610734,40.60181837552261,0.712752717241755,0.28724728275824496
2022-05-07,43.58778586304364,40.64741629942443,0.7084925062990546,0.2915074937009454
2022-05-08,43.56792492887505,40.69027729365774,0.7044613405745213,0.29553865942547874
2022-05-09,43.54925610994589,40.73056563728116,0.7006489326669632,0.29935106733303685
2022-05-10,43.53170785177981,40.7684357488115,0.6970451564122384,0.3029548435877616
2022-05-11,43.5152128948234,40.80403277808446,0.693640097774874,0.306359902225126
2022-05-12,43.49970801665151,40.83749316258968,0.690424094731807,0.309575905268193
2022-05-13,43.48513378964622,40.86894515041294,0.6873877678056164,0.3126122321943836
2022-05-14,43.47143435322066,40.89850929178976,0.6845220426956837,0.31547795730431627
2022-05-15,43.4585571997147,40.92629890115436,0.6818181662667757,0.3181818337332243
2022-05-16,43.44645297314176,40.952420491455044,0.6792677169853649,0.3207322830146351
2022-05-17,43.43507528001565,40.97697418240066,0.6768626107437417,0.32313738925625834
2022-05-18,43.424380511531915,41.0000540842027,0.674595102879354,0.325404897120646
2022-05-19,43.31567921869923,40.915346767115416,0.6729802930928113,0.32701970690718873
2022-05-20,43.213502516634726,40.835723847505506,0.6714594498368276,0.3285405501631724
2022-05-21,43.151152951400334,40.80668709924032,0.669207905426111,0.33079209457388903
2022-05-22,43.09254580161588,40.779393227207144,0.667085907795139,0.332914092204861
2022-05-23,43.037456435828915,40.753737618536405,0.6650863866676024,0.33491361333239755
2022-05-24,43.00748650709198,40.6884196854187,0.6674871095678331,0.3325128904321669
2022-05-25,43.010822823076595,40.64621574761093,0.6705699472559725,0.3294300527440275
2022-05-26,43.013958882965724,40.606545021836084,0.6734572151648932,0.3265427848351068
2022-05-27,43.02294674529628,40.58932243996849,0.6752199779911428,0.32478002200885725
2022-05-28,43.03139512808563,40.57313361120288,0.6768733651271873,0.3231266348728127
2022-05-29,43.03933641257912,40.557916486452534,0.6784243319658034,0.32157566803419657
2022-05-30,43.04680103639874,40.543612741010506,0.6798793754014317,0.32012062459856827
2022-05-31,43.05381761020542,40.530167551000794,0.6812445653420447,0.3187554346579553
2022-06-01,42.960380249775156,40.45760644155235,0.6798516959382344,0.32014830406176564
2022-06-02,42.872551291263235,40.38940067629979,0.6785401154337528,0.3214598845662472
2022-06-03,42.78999410088704,40.32528883389484,0.6773052268246684,0.3226947731753316
2022-06-04,42.71239225067399,40.26502518431419,0.6761426741001395,0.3238573258998605
2022-06-05,42.63944830564573,40.208378747017335,0.6750483321824715,0.3249516678175285
2022-06-06,42.57088268379935,40.1551324056365,0.6740182969039301,0.3259817030960699
2022-06-07,42.50643258451613,40.10508207580573,0.6730488750926085,0.32695112490739153
2022-06-08,42.44585098129051,40.05803592293954,0.6721365748253576,0.3278634251746424
2022-06-09,42.3889056749185,40.013813626962786,0.6712780958937017,0.3287219041062983
2022-06-10,42.33537840351691,39.97224569117393,0.6704703205184431,0.32952967948155687
2022-06-11,42.285064005961786,39.93317279259228,0.66971030434005,0.33028969565995003
2022-06-12,42.23776963554001,39.8964451712996,0.6689952677047488,0.3310047322952512
2022-06-13,42.19331402079984,39.861922056435226,0.6683225872601883,0.33167741273981166
2022-06-14,42.151526770767745,39.829471126644755,0.6676897878695875,0.33231021213041245
2022-06-15,42.09880440542583,39.809752149988455,0.6654490521259009,0.3345509478740991
2022-06-16,42.0492466009572,39.79121676783863,0.6633374236743265,0.33666257632567353
2022-06-17,41.896564508911545,39.645665605494884,0.6628513050248686,0.33714869497513145
2022-06-18,41.7530468724324,39.50885087806683,0.6623941166539026,0.3376058833460974
2022-06-19,41.61814361230147,39.38024819747124,0.661964151501653,0.338035848498347
2022-06-20,41.49133766677163,39.25936465103378,0.6615598014544739,0.3384401985455261
2022-06-21,41.37214300975507,39.14573691223689,0.6611795518304615,0.3388204481695385
2022-06-22,41.363592346900475,39.086437444257434,0.6646398393461355,0.33536016065386454
2022-06-23,41.35555492151037,39.030697315373565,0.6678797502491052,0.3321202497508948
2022-06-24,41.40630263073163,39.08025210593529,0.6679606125141292,0.3320393874858708
2022-06-25,41.45400430410133,39.12683246334559,0.6680366140426404,0.33196338595735964
2022-06-26,41.498842774195616,39.17061692236311,0.6681080474191108,0.3318919525808892
2022-06-27,41.54098989940893,39.21177330153322,0.6681751875701926,0.33182481242980744
2022-06-28,41.58060722265858,39.25045934640853,0.6682382928357031,0.33176170716429687
2022-06-29,41.64489035836162,39.25758542863774,0.6721021716050034,0.3278978283949966
2022-06-30,41.705315019682196,39.264283781176594,0.6757174173644251,0.32428258263557486
2022-07-01,41.74292100242358,39.29940353277288,0.6758843189826971,0.3241156810173029
2022-07-02,41.77285248787805,39.34323212349691,0.6749509486217975,0.3250490513782025
2022-07-03,41.80098739218269,39.384429985450836,0.6740725997241692,0.3259274002758308
2022-07-04,41.827433551743866,39.42315502318384,0.6732460902387927,0.32675390976120733
2022-07-05,41.85229233029031,39.45955566332144,0.6724684144478021,0.32753158555219786
2022-07-06,41.875659007383504,39.49377142345994,0.6717367341942043,0.3282632658057957
2022-07-07,41.89762314360839,39.52593344691421,0.6710483704080614,0.3289516295919386
2022-07-08,41.91826892384411,39.556165005368136,0.6704007949425596,0.32959920505744045
2022-07-09,41.97959051909265,39.572474127872056,0.6734371867192639,0.3265628132807361
2022-07-10,42.03723140085747,39.58780432595525,0.6762808910807959,0.3237191089192041
2022-07-11,41.98142543107718,39.52859894370093,0.676508922663896,0.32349107733610405
2022-07-12,41.92896910973003,39.47294725322338,0.6767232066577926,0.3232767933422074
2022-07-13,41.87574412123608,39.413042920819045,0.6771709393826155,0.3228290606173845
2022-07-14,41.82571386262524,39.35673423336033,0.6775915637879815,0.32240843621201853
2022-07-15,41.77868657624168,39.30380536901845,0.6779867338322334,0.3220132661677666
2022-07-16,41.76965152463426,39.324267197196576,0.6760096186074518,0.3239903813925482
2022-07-17,41.76115878501568,39.34350084260205,0.6741466367384475,0.32585336326155245
2022-07-18,41.810195656631116,39.44252198237285,0.6707771269144396,0.3292228730855604
2022-07-19,41.85628918220632,39.5355995643668,0.6675971608503262,0.33240283914967383
2022-07-20,41.950559987326756,39.630397302050845,0.6675614280602431,0.3324385719397569
2022-07-21,42.03917236457813,39.71950498372925,0.6675278386751871,0.33247216132481294
2022-07-22,42.13177388273111,39.82230335113931,0.6668360342495943,0.33316396575040574
2022-07-23,42.218817168827385,39.91893143978383,0.6661852360317424,0.3338147639682576
2022-07-24,42.30063584529789,40.00975960904695,0.6655730445751895,0.3344269554248105
2022-07-25,42.37754350951431,40.09513598818696,0.6649971969915126,0.3350028030084874
2022-07-26,42.44983493575558,40.17538781065785,0.6644555596660557,0.33554444033394426
2022-07-27,42.54827970087537,40.22507534952098,0.6677676710697178,0.3322323289302822
2022-07-28,42.640815504023266,40.27178048726546,0.6708690825211936,0.3291309174788064
2022-07-29,42.70644512579676,40.34111293157101,0.6706189410673068,0.3293810589326932
2022-07-30,42.68966851947135,40.348520428239624,0.6689833275573572,0.33101667244264277
2022-07-31,42.67389889740429,40.35548330384516,0.6674429419271878,0.3325570580728122
2022-08-01,42.65907581725842,40.362028245931164,0.6659924319669485,0.33400756803305154
2022-08-02,42.64514246463417,40.368180340171484,0.6646267210022936,0.3353732789977064
2022-08-03,42.63635637711315,40.34157731411616,0.6658382942794882,0.33416170572051185
2022-08-04,42.6280976579797,40.31657108469198,0.666975572029973,0.33302442797002696
2022-08-05,42.62033465293764,40.293065807182806,0.6680431886069925,0.3319568113930075
2022-08-06,42.61303760768051,40.27097138977138,0.6690454812626165,0.33095451873738346
2022-08-07,42.606178553848096,40.250203148232444,0.6699865099356093,0.33001349006439074
2022-08-08,42.59973120182846,40.23068148135218,0.6708700756676989,0.32912992433230115
2022-08-09,42.59367083999422,40.212331565829956,0.6716997377442435,0.3283002622557565
2022-08-10,42.52565135171622,40.15450133009011,0.6710119258085562,0.3289880741914438
2022-08-11,42.461714605360434,40.100142245542465,0.6703648700625869,0.32963512993741306
2022-08-12,42.401615542017716,40.04904596286171,0.6697561872448301,0.3302438127551699
2022-08-13,42.345123811979185,40.001016638499124,0.669183629548309,0.330816370451691
2022-08-14,42.2920228918442,39.955870184046866,0.6686450774170498,0.3313549225829502
2022-08-15,42.242109254622314,39.913433560657744,0.6681385326600038,0.3318614673399962
2022-08-16,42.19519158964804,39.873544115816074,0.6676621118778701,0.33233788812212994
2022-08-17,42.15109006931901,39.83604895991767,0.667214040196729,0.33278595980327097
2022-08-18,42.109635659846596,39.80080438026944,0.6667926453010646,0.33320735469893537
2022-08-19,42.012329576826836,39.704697284527235,0.666711258548583,0.33328874145141696
2022-08-20,41.92086410852636,39.61435883654681,0.6666347497254171,0.33336525027458286
2022-08-21,41.83488868302575,39.529442784090094,0.6665628268789945,0.3334371731210055
2022-08-22,41.75407377082598,39.44962365805864,0.6664952154828765,0.3335047845171235
2022-08-23,41.6781096218168,39.37459552502488,0.6664316574022471,0.3335683425977529
2022-08-24,41.73544463893606,39.27114206379491,0.6772782453159427,0.3227217546840573
2022-08-25,41.78933822942992,39.173898202105605,0.6873382762246053,0.3126617237753947
2022-08-26,41.892360641547725,39.168009012298285,0.6945026672096604,0.30549733279033964
2022-08-27,42.05892635286172,39.183978960575836,0.7042872207046176,0.2957127792953824
2022-08-28,42.21549427046085,39.19899034272802,0.7133509490518734,0.28664905094812665
2022-08-29,42.362664493119254,39.213100694884595,0.7217486285734221,0.27825137142657785
2022-08-30,42.479839265789266,39.229755242340254,0.7280120932678111,0.27198790673218887
2022-08-31,42.589980842992475,39.245410131891774,0.7338349633809487,0.26616503661905133
2022-09-01,42.693511379065924,39.2601253661257,0.739250183124678,0.26074981687532195
2022-09-02,42.79082768932614,39.27395734608613,0.7442881751167365,0.2557118248832635
2022-09-03,42.88230277099617,39.28695908745052,0.74897701094885,0.25102298905114995
2022-09-04,42.96828723284192,39.29918042372988,0.7533425784594872,0.24665742154051284
2022-09-05,43.049110638997185,39.31066819727249,0.75740874320367,0.24259125679632998
2022-09-06,43.12508277212817,39.321466438802716,0.761197502463415,0.238802497536585
2022-09-07,43.2797771263523,39.439020896759544,0.763341995251227,0.23665800474877297
2022-09-08,43.41740060743605,39.5142910404292,0.7669183908271869,0.23308160917281306
2022-09-09,43.5682932954112,39.60236627072156,0.77049085552233,0.22950914447767
2022-09-10,43.69139951720621,39.7015712387455,0.7718420327107136,0.2281579672892864
2022-09-11,43.807116519450474,39.79482161504726,0.7731080197133342,0.2268919802866658
2022-09-12,43.91588782615749,39.88247481280164,0.7742943969761715,0.22570560302382847
2022-09-13,44.01813033964545,39.96486679212948,0.7754063572523162,0.22459364274768379
2022-09-14,44.114235938454684,40.0423133477769,0.776448734706281,0.22355126529371905
2022-09-15,44.204572979352676,40.115111319504,0.7774260316501526,0.22257396834984744
2022-09-16,44.26923122708111,40.11133973166494,0.7812156447750467,0.21878435522495332
2022-09-17,44.27702418054888,40.05295832058433,0.7848447819791564,0.21515521802084359
2022-09-18,44.28434937663378,39.998081143959666,0.7882240054425018,0.21177599455749818
2022-09-19,44.29123489159343,39.94649786670491,0.7913718977126021,0.20862810228739792
2022-09-20,45.16835104836971,39.92464708413971,0.8362183111571794,0.16378168884282063
2022-09-21,45.219875405824205,39.95205286310665,0.8373283179908468,0.16267168200915316
2022-09-22,45.26906239610369,39.978215397687315,0.8383833935791183,0.16161660642088171
2022-09-23,45.34384693011203,40.02698677822598,0.8395700445311516,0.16042995546884842
2022-09-24,45.41706680599593,40.101245428177926,0.839522767821512,0.16047723217848797
2022-09-25,45.48680145241616,40.17196940354019,0.839477732997896,0.16052226700210404
2022-09-26,45.55316969490849,40.23927921563246,0.8394348645398382,0.16056513546016182
2022-09-27,45.616291438826586,40.30329647091166,0.8393940861165707,0.16060591388342926
2022-09-28,45.67628697634197,40.36414316814039,0.8393553210409481,0.16064467895905188
2022-09-29,45.70470186507648,40.39637486038382,0.8391814140442695,0.1608185859557305
2022-09-30,45.731677356427014,40.42697380952806,0.8390162028669652,0.1609837971330348
2022-10-01,45.757272281893016,40.456006749558966,0.8388593445742729,0.1611406554257271
2022-10-02,45.78154462478903,40.483539452345894,0.8387104996220175,0.1612895003779825
2022-10-03,45.804551337158586,40.509636519962726,0.8385693331161754,0.16143066688382457
2022-10-04,45.826348183773,40.53436120773178,0.8384355159021654,0.16156448409783464
2022-10-05,45.79775265567222,40.47882947210064,0.8396639102907214,0.1603360897092786
2022-10-06,45.77068433175257,40.4262635253349,0.8408210615079147,0.1591789384920853
2022-10-07,45.74507185632647,40.37652479663549,0.8419109269888287,0.15808907301117125
2022-10-08,45.72084606362543,40.32947896796645,0.8429372679585231,0.15706273204147692
2022-10-09,45.69794004789512,40.28499611017782,0.8439036558295878,0.15609634417041218
2022-10-10,45.67628921216255,40.24295077770985,0.8448134789088864,0.15518652109111364
2022-10-11,45.65583129803356,40.20322206645921,0.8456699493086657,0.15433005069133432
2022-10-12,45.63650639873626,40.165693639108824,0.8464761099734323,0.15352389002656774
2022-10-13,45.66399340474135,40.15117205691267,0.8483258383602319,0.1516741616397681
2022-10-14,45.60710335496562,40.09251414097291,0.8484033551447723,0.15159664485522772
2022-10-15,45.53817785079247,40.08562051761642,0.8456676469441358,0.15433235305586424
2022-10-16,45.47313771007937,40.079115491088004,0.8430563980169956,0.1569436019830044
2022-10-17,45.411777776726794,40.07297854258416,0.8405664105537607,0.1594335894462393
2022-10-18,45.353902147766625,40.0671900787585,0.838194243396942,0.16180575660305796
2022-10-19,45.31348537955094,40.08486009472384,0.8355218550071455,0.1644781449928545
2022-10-20,45.27537855256956,40.101520215532034,0.8329761501285171,0.1670238498714829
2022-10-21,45.241396241470554,40.102978114574185,0.8313153321679905,0.16868466783200953
2022-10-22,45.20936724665143,40.104352213020036,0.8297402964442442,0.17025970355575581
2022-10-23,45.1791840846717,40.10564712209233,0.8282474358007307,0.17175256419926932
2022-10-24,45.15074463674165,40.10686722286108,0.8268331933239161,0.17316680667608386
2022-10-25,45.12395194512076,40.10801667497859,0.8254940764219412,0.17450592357805883
2022-10-26,45.120306847169516,40.105191172826956,0.8254546985654543,0.17454530143454572
2022-10-27,45.11687370063543,40.10252996507651,0.8254176052521478,0.1745823947478522
2022-10-28,45.15055672791652,40.15194177558569,0.8246607135950672,0.1753392864049328
2022-10-29,45.18227392915565,40.198469788772556,0.8239460970671684,0.17605390293283163
2022-10-30,45.21213691335285,40.24227773109544,0.8232715748242415,0.17672842517575849
2022-10-31,45.24025131279556,40.28352056138647,0.8226350572156685,0.17736494278433146
2022-11-01,45.27670959841302,40.32161881909961,0.8225554433862483,0.1774445566137517
2022-11-02,45.29472838226652,40.30046512139559,0.8244509370477693,0.17554906295223072
2022-11-03,45.311687658415494,40.28055526488966,0.8262232067297179,0.17377679327028206
2022-11-04,45.319509538971516,40.29491771163273,0.8259096401252415,0.17409035987475852
2022-11-05,45.32687038741872,40.30843361654198,0.8256142272792806,0.17438577272071942
2022-11-06,45.333796903577934,40.32115200552007,0.8253359548395683,0.17466404516043166
2022-11-07,45.34031429583464,40.3331191659133,0.8250738616345679,0.17492613836543214
2022-11-08,45.34644635806562,40.34437878776343,0.824827036507845,0.17517296349215505
2022-11-09,45.359346200376486,40.358864382969834,0.8247506584869773,0.17524934151302274
2022-11-10,45.386606172269225,40.40214083086357,0.8239780390548481,0.17602196094515188
2022-11-11,45.41375347272716,40.46898038870414,0.82205404485616,0.17794595514384004
2022-11-12,45.43929040701287,40.53185505275789,0.8202321242587105,0.1797678757412895
2022-11-13,45.46331142870579,40.59099737784179,0.818507699964309,0.18149230003569095
2022-11-14,45.48590557572213,40.6466265848304,0.8168762919484283,0.18312370805157174
2022-11-15,45.43507217534848,40.63414483659257,0.8149708935540777,0.1850291064459223
2022-11-16,45.38726199958793,40.622405417772185,0.8131676188168231,0.1868323811831769
2022-11-17,45.342296819169604,40.61136456555052,0.8114617611884936,0.18853823881150644
2022-11-18,45.3000087296555,40.60098105229162,0.8098487321457428,0.19015126785425718
2022-11-19,45.23364082928082,40.57149421828132,0.8079735707227869,0.19202642927721314
2022-11-20,45.17122801698834,40.54376460463084,0.8061998706166464,0.19380012938335356
2022-11-21,45.13574534334674,40.524108989904036,0.805387166434776,0.19461283356522396
2022-11-22,45.17550129011517,40.53540367508686,0.8068471374575568,0.19315286254244324
2022-11-23,45.2128851582275,40.54602445148804,0.8082138805393886,0.19178611946061142
2022-11-24,45.221629809490906,40.51160512771391,0.8104056730398321,0.18959432696016787
2022-11-25,45.22985233961288,40.47924089522656,0.8124524800833175,0.1875475199166825
2022-11-26,45.2375837677284,40.448809661375385,0.8143645320993793,0.1856354679006207
2022-11-27,45.24485328819158,40.42019651592595,0.8161512748021453,0.18384872519785467
2022-11-28,45.25168837582047,40.393293316811835,0.8178214346583752,0.1821785653416248
2022-11-29,45.25811488531787,40.36799829880996,0.8193830786021719,0.18061692139782815
2022-11-30,45.26415714516127,40.344215703985775,0.8208436684875163,0.17915633151248367
2022-12-01,45.26983804624381,40.32185543279834,0.822210110737474,0.17778988926252604
2022-12-02,45.275179125537306,40.30083271479989,0.8234888016158609,0.1765111983841391
2022-12-03,45.280200645036004,40.28106779790868,0.8246856685142953,0.17531433148570474
2022-12-04,45.27876536545695,40.23070787585203,0.8270329576748641,0.17296704232513593
2022-12-05,45.287564947731,40.16407855426823,0.8306124262001184,0.16938757379988156
2022-12-06,45.30264126618351,40.088510826821285,0.8348505582153102,0.16514944178468982
2022-12-07,45.255786090239276,39.96825627978037,0.8382316619902017,0.16176833800979828
2022-12-08,45.22352716589555,39.86192722683603,0.8415976050946332,0.15840239490536678
2022-12-09,45.21101474943645,39.77050229155506,0.845132686776419,0.15486731322358105
2022-12-10,45.212635602044095,39.68227765133255,0.8490936120787892,0.1509063879212108
2022-12-11,45.22553339521535,39.59740403155288,0.8533266831775147,0.1466733168224853
2022-12-12,45.24119289538104,39.52161447267985,0.8572132308828304,0.1427867691171696
2022-12-13,45.26227901321209,39.45224946295567,0.8609882912838303,0.13901170871616975
2022-12-14,45.28434857253446,39.390049197219454,0.8644437041368169,0.13555629586318307
2022-12-15,45.30709098628239,39.32939499529476,0.8678049155486325,0.13219508445136752
2022-12-16,45.338170878050896,39.297062314515095,0.8703219261405752,0.12967807385942476
2022-12-17,45.35310690614847,39.27777484266155,0.8716664677752746,0.12833353222472543
2022-12-18,45.36451223965109,39.259481789662054,0.8728253613672573,0.1271746386327427
2022-12-19,45.37726521813616,39.23809688867798,0.87414847373584,0.12585152626415996
2022-12-20,45.38629272963335,39.2181658268845,0.8752632963056953,0.12473670369430467
2022-12-21,45.39955033728156,39.19582494828099,0.8766242558673849,0.1233757441326151
2022-12-22,45.40950450702647,39.17142237684062,0.8779278449994655,0.12207215500053448
2022-12-23,45.42065672480112,39.145325825147616,0.8793302038717477,0.12066979612825235
2022-12-24,45.43280771909479,39.11786104240833,0.8808091894087162,0.11919081059128378
2022-12-25,45.449859086624365,39.089316256667914,0.8824955477509613,0.11750445224903872
2022-12-26,45.467066497223996,39.06363136711155,0.884066420395696,0.11593357960430395
2022-12-27,45.473781364491806,39.05399922538923,0.884661165789459,0.11533883421054103
2022-12-28,45.48158649788446,39.04506251636476,0.8852680251511447,0.11473197484885533
2022-12-29,45.49033765144146,39.03355178719255,0.8859994361756749,0.11400056382432511
2022-12-30,45.496342368261956,39.0197869489304,0.8867098674722043,0.11329013252779574
2022-12-31,45.50572352834641,39.010509228615966,0.8873774837056767,0.1126225162943233
2023-01-01,45.51227877980594,38.99886015698545,0.8880261232872877,0.1119738767127123
2023-01-02,45.519801611564276,38.98513270189795,0.888779909604458,0.11122009039554204
2023-01-03,45.531685404838385,38.969595841118604,0.8897471920142087,0.11025280798579129
2023-01-04,45.544132596472,38.95188157561967,0.8908041733404752,0.10919582665952476
2023-01-05,45.55677546971664,38.93293401416187,0.8919034044310599,0.10809659556894013
2023-01-06,45.566038654439915,38.912945900336666,0.8929141182087272,0.10708588179127276
2023-01-07,45.56698356707769,38.892641521704256,0.8936440543074747,0.10635594569252527
2023-01-08,45.56932418194681,38.87475749488449,0.8943354488474001,0.10566455115259987
2023-01-09,45.57290343955132,38.85593029702103,0.8950976292691835,0.10490237073081654
2023-01-10,45.599512597525425,38.85867893504102,0.8959048865979238,0.10409511340207622
2023-01-11,45.62453909035681,38.858400254062545,0.8967560885533101,0.10324391144668987
2023-01-12,45.64807723318366,38.85540397072121,0.8976431992748279,0.10235680072517206
2023-01-13,45.67021570345981,38.84997770880397,0.8985588717612727,0.10144112823872731
2023-01-14,45.687386434267,38.84216445108613,0.8993836467102173,0.10061635328978269
2023-01-15,45.70352675544626,38.83482006426658,0.9001544570497979,0.09984554295020209
2023-01-16,45.71869848847973,38.827916417499985,0.9008750696084555,0.09912493039154446
2023-01-17,45.73295974726513,38.821427067016145,0.9015489623169719,0.0984510376830281
2023-01-18,45.727598905898816,38.80088598763278,0.9020398238142715,0.0979601761857285
2023-01-19,45.714425407585715,38.77241068848146,0.9025327985679183,0.09746720143208165
2023-01-20,45.70204249357275,38.74564428425808,0.9029945269220758,0.09700547307792418
2023-01-21,45.68167850581603,38.732674596358784,0.9027573614225288,0.09724263857747117
2023-01-22,45.66261884215262,38.72427539591149,0.9024146882178634,0.09758531178213659
2023-01-23,45.64373660668193,38.71918633727689,0.9019700031164417,0.09802999688355829
2023-01-24,45.62858689051347,38.715555765422,0.9015974953330872,0.0984025046669128
2023-01-25,45.62879598359841,38.73337029549084,0.9010261670328041,0.09897383296719586
2023-01-26,45.62583122753451,38.7596389280067,0.9000721369691631,0.0999278630308369
2023-01-27,45.623267556773285,38.78462798172212,0.899166823446996,0.10083317655300394
2023-01-28,45.618865009802704,38.80422609939126,0.8983733604154858,0.10162663958451423
2023-01-29,45.6128324079697,38.82207736802751,0.8975792548830814,0.10242074511691857
2023-01-30,45.60536228575395,38.83517067713778,0.8968919426744626,0.1031080573255374
2023-01-31,45.58274650214562,38.83524018614041,0.896129830125191,0.10387016987480902
2023-02-01,45.560667627946614,38.83256302242184,0.8954747950008295,0.1045252049991705
2023-02-02,45.539132843860834,38.83052575410276,0.8948135156778179,0.10518648432218214
2023-02-03,45.520688115566266,38.83824224345828,0.893921480942704,0.10607851905729604
2023-02-04,45.502522770441175,38.84542742414781,0.8930518870404399,0.10694811295956008
2023-02-05,45.484659434539196,38.85211642764518,0.8922047822569886,0.10779521774301137
2023-02-06,45.46711803319835,38.8583421666249,0.8913801749954053,0.10861982500459466
2023-02-07,45.449851893582014,38.860736026180454,0.8906946449816222,0.10930535501837779
2023-02-08,45.42799539982442,38.86713623525816,0.88970391854073,0.11029608145926995
2023-02-09,45.40710506514222,38.87306049311169,0.8887578151427569,0.11124218485724313
2023-02-10,45.390425779741605,38.87854142551078,0.8879715589443373,0.11202844105566268
2023-02-11,45.377571555107586,38.88060141859064,0.8874401627387845,0.11255983726121555
2023-02-12,45.368183325348966,38.87958757319941,0.8871409938524621,0.11285900614753785
2023-02-13,45.36753953156159,38.88147042427251,0.8870506199044326,0.11294938009556743
2023-02-14,45.36787571969334,38.88460570669338,0.886950440589876,0.11304955941012396
2023-02-15,45.36094030488814,38.8888235912519,0.8865506354022095,0.11344936459779054
2023-02-16,45.36148980089241,38.90028231616783,0.8861586047706896,0.11384139522931036
2023-02-17,45.36081510643077,38.9106258900497,0.8857616767709826,0.11423832322901739
2023-02-18,45.354655208984646,38.92821111469899,0.8849029214925155,0.11509707850748452
2023-02-19,45.34801919154149,38.943947738509145,0.8840896120807327,0.11591038791926733
2023-02-20,45.34096934325465,38.95797832512971,0.883319551951695,0.11668044804830502
2023-02-21,45.31543185644774,38.96375671112219,0.8821689096642533,0.11783109033574668
2023-02-22,45.28865341692959,38.968861218274235,0.8809892064193985,0.11901079358060151
2023-02-23,45.260803112897264,38.97334344799345,0.8797843758855406,0.12021562411445941
2023-02-24,45.23203999487774,38.977251917713126,0.8785582072611401,0.12144179273885991
2023-02-25,45.21263331246231,38.992314762863145,0.8772550586064221,0.12274494139357794
2023-02-26,45.19457896505673,39.005650331337314,0.8760598323497506,0.1239401676502494
2023-02-27,45.176939299706746,39.02260961836209,0.8747330063111984,0.12526699368880156
2023-02-28,45.171127932580724,39.03507124133074,0.8740282723637736,0.12597172763622644
2023-03-01,45.16825754210471,39.052884429713906,0.8732272391300373,0.1267727608699627
2023-03-02,45.165163222735266,39.0685771601807,0.8724965869338921,0.1275034130661079
2023-03-03,45.161870046928556,39.08230756853364,0.8718319938298313,0.12816800617016866
2023-03-04,45.158401781479014,39.09422482774481,0.8712292834203732,0.1287707165796268
2023-03-05,45.15186135274868,39.10712050694803,0.8704650889823757,0.12953491101762427
2023-03-06,45.14254284964965,39.12356654033846,0.8694472370088768,0.13055276299112317
2023-03-07,45.13072306696806,39.14319973453477,0.8681971783892204,0.1318028216107796
2023-03-08,45.119697530683794,39.16292262393685,0.8669671624425916,0.13303283755740836
2023-03-09,45.10856821288065,39.18422867423772,0.865661125449438,0.13433887455056204
2023-03-10,45.094785191878735,39.20027422642094,0.864452305484503,0.13554769451549697
2023-03-11,45.08844842893204,39.21512972178953,0.8635889619157735,0.1364110380842265
2023-03-12,45.0824514533053,39.22765479619713,0.8628313246923969,0.13716867530760313
2023-03-13,45.07378484744668,39.24075421010237,0.8619373267008579,0.13806267329914212
2023-03-14,45.06574489953918,39.254346165369924,0.8610449084523254,0.1389550915476746
2023-03-15,45.06857180575232,39.27364897865973,0.8603625701415218,0.13963742985847816
2023-03-16,45.07083073095003,39.28995175583265,0.859779157877179,0.14022084212282104
2023-03-17,45.07257033785423,39.30350193144884,0.8592872411537621,0.1407127588462379
2023-03-18,45.073836278060476,39.31453167111481,0.8588796902603569,0.14112030973964307
2023-03-19,45.074671326104635,39.32325857220305,0.8585496919189006,0.14145030808109937
2023-03-20,45.07827193998425,39.32988634243643,0.858422972525579,0.14157702747442102
2023-03-21,45.08435687213489,39.334605457657936,0.8584801563274963,0.1415198436725037
2023-03-22,45.07456282211407,39.32911831345503,0.8582997823484576,0.1417002176515424
2023-03-23,45.056708084060915,39.332298086086595,0.8574166164758344,0.14258338352416555
2023-03-24,45.02809962651007,39.33012764767459,0.8563013070604322,0.14369869293956783
2023-03-25,44.99883767262505,39.3340596438017,0.8548926779290946,0.14510732207090538
2023-03-26,44.972496163888906,39.339074463895,0.8535535222370254,0.1464464777629746
2023-03-27,44.95171263673508,39.34248236532214,0.8525147105945015,0.14748528940549854
2023-03-28,44.93313976977321,39.347044469028056,0.8515166571524018,0.14848334284759823
2023-03-29,44.933803958696714,39.36181518829848,0.8509058833423231,0.1490941166576769
2023-03-30,44.93170009579211,39.37649066830864,0.8501772019285254,0.14982279807147458
2023-03-31,44.92854884767952,39.38262416663948,0.8497729713487356,0.15022702865126436
2023-04-01,44.92305448048653,39.38947925953235,0.8492341867432439,0.1507658132567561
2023-04-02,44.917738949625175,39.39579766033176,0.8487254438694602,0.15127455613053975
2023-04-03,44.91050879517443,39.40635481057565,0.8479454136747393,0.1520545863252607
2023-04-04,44.901374115882966,39.4145715851341,0.8471819274650321,0.15281807253496793
2023-04-05,44.88417735543489,39.42961171289601,0.8457567248478832,0.15424327515211678
2023-04-06,44.85688282294314,39.437035989230395,0.8442119950571751,0.15578800494282485
2023-04-07,44.83263081647109,39.44487542104877,0.8427751227593951,0.15722487724060485
2023-04-08,44.806968146283154,39.44553755955184,0.8415899620571509,0.15841003794284914
2023-04-09,44.78433540678964,39.444805721753376,0.8405995142322736,0.15940048576772636
2023-04-10,44.764509703038684,39.44532537942223,0.8396757893269503,0.1603242106730497
2023-04-11,44.747280532152494,39.446986387686316,0.8388150072571807,0.16118499274281928
2023-04-12,44.7400271347245,39.45146226642531,0.8382790165610446,0.16172098343895536
2023-04-13,44.72855276683741,39.45302826606673,0.8376817511075322,0.16231824889246782
2023-04-14,44.7217410165565,39.45304335778392,0.8373685011500083,0.16263149884999173
2023-04-15,44.717485079684735,39.454040009376385,0.8371272183675957,0.16287278163240426
2023-04-16,44.71721316465773,39.45352962674981,0.837138177651136,0.16286182234886404
2023-04-17,44.71768096438148,39.45164770813237,0.8372461382924847,0.16275386170751527
2023-04-18,44.71888399107688,39.445497601475424,0.837583686048579,0.16241631395142098
2023-04-19,44.72601497484491,39.44660153468547,0.8378600195556483,0.16213998044435174
2023-04-20,44.72703939900592,39.445517827543895,0.8379566026967027,0.1620433973032973
2023-04-21,44.726743985315785,39.450870140092555,0.8376977702232313,0.16230222977676867
2023-04-22,44.73625577484725,39.46290823617054,0.837581903783575,0.162418096216425
2023-04-23,44.74814032217237,39.47483606523291,0.8375799182424726,0.16242008175752742
2023-04-24,44.762176302646964,39.486643833440155,0.837682116509949,0.16231788349005105
2023-04-25,44.76705857878097,39.49855681563151,0.8373595066697799,0.16264049333022013
2023-04-26,44.7706951433735,39.507881203398455,0.8370982111226122,0.16290178887738782
2023-04-27,44.77504721296752,39.51649801935965,0.8369021120038048,0.16309788799619518
2023-04-28,44.78221681649989,39.52521514254545,0.8368309169216148,0.16316908307838518
2023-04-29,44.7968321345346,39.53750603918292,0.8369378464781698,0.16306215352183018
2023-04-30,44.815880932837814,39.54946939126434,0.8372635147166474,0.1627364852833526
2023-05-01,44.83618531578897,39.561113730110144,0.837660981250066,0.16233901874993395
2023-05-02,44.85781284844435,39.57248198004732,0.8381310289705768,0.16186897102942321
2023-05-03,44.863349965846695,39.58106011581291,0.8379917917351727,0.1620082082648273
2023-05-04,44.87235250801125,39.59175010345023,0.8379144960633436,0.16208550393665644
2023-05-05,44.894162919551775,39.61251310538218,0.8379624768726064,0.1620375231273936
2023-05-06,44.91745049400155,39.63185224443384,0.8381432676574917,0.1618567323425083
2023-05-07,44.941124731193376,39.64991684402458,0.8383998954045201,0.1616001045954799
2023-05-08,44.965125146273714,39.66678578200365,0.8387257605788645,0.1612742394211355
2023-05-09,44.989548360841674,39.682523418907856,0.8391220593762577,0.16087794062374228
2023-05-10,45.01869334212809,39.695884305373646,0.8398406150118631,0.16015938498813687
2023-05-11,45.04747869102678,39.708398678082666,0.8405791358446912,0.15942086415530876
2023-05-12,45.078602446628416,39.72011847397292,0.8414569397369187,0.1585430602630813
2023-05-13,45.10905721120199,39.73109255034916,0.8423350199800232,0.15766498001997675
2023-05-14,45.13542135608578,39.74000451081206,0.8431189482824396,0.1568810517175604
2023-05-15,45.16520667269713,39.74643096272803,0.8441641763391345,0.15583582366086546
2023-05-16,45.19178390511177,39.74134050714674,0.8455738473006913,0.1544261526993087
2023-05-17,45.208338755508464,39.739026062601845,0.8464097837140114,0.15359021628598857
2023-05-18,45.220290393343454,39.73626187306558,0.8470596321448258,0.15294036785517418
2023-05-19,45.229599095842154,39.727908422478755,0.847837179387813,0.152162820612187
2023-05-20,45.2453796764919,39.74128086336976,0.8479429900807974,0.15205700991920257
2023-05-21,45.25896098873432,39.75369810358847,0.8479941204464756,0.1520058795535244
2023-05-22,45.270501310433346,39.765220677954495,0.8479948998868495,0.1520051001131505
2023-05-23,45.277171749780805,39.77589237003952,0.8478191027659538,0.15218089723404615
2023-05-24,45.28925919234634,39.78872150026415,0.8477865015076023,0.15221349849239774
2023-05-25,45.299342503615115,39.80052166777025,0.8477110184293288,0.15228898157067117
2023-05-26,45.30538254449783,39.81538049347877,0.8473229012971617,0.1526770987028383
2023-05-27,45.31307265559514,39.83327899765816,0.8468728084431527,0.1531271915568473
2023-05-28,45.31913859869945,39.85193770421017,0.8463163772529536,0.1536836227470464
2023-05-29,45.323633539558074,39.871380922173984,0.8456541284034624,0.15434587159653756
2023-05-30,45.31866819958472,39.892158214449694,0.8445092441769202,0.1554907558230798
2023-05-31,45.310585957960264,39.91577357153993,0.8430918397637834,0.15690816023621657
2023-06-01,45.30560209683289,39.9378275069024,0.8418761079677783,0.15812389203222166
2023-06-02,45.28948479584802,39.945990323828426,0.8407791179360116,0.15922088206398843
2023-06-03,45.26600474927173,39.95347140569254,0.8393730627333642,0.1606269372666358
2023-06-04,45.24412887521452,39.95762013058903,0.8381849387099372,0.16181506129006284
2023-06-05,45.223755968955835,39.95870928981548,0.8372008144882673,0.16279918551173267
2023-06-06,45.20480753024179,39.956749189367564,0.8364190750049656,0.1635809249950344
2023-06-07,45.19347548008737,39.95897622566694,0.8357933906496854,0.16420660935031461
2023-06-08,45.18271465881606,39.96330163357674,0.8350954146358045,0.1649045853641955
2023-06-09,45.172493896351924,39.96953561110142,0.8343319360046754,0.16566806399532463
2023-06-10,45.16553382276958,39.97227049347596,0.8338810342440616,0.16611896575593843
2023-06-11,45.14873593754515,39.96644985003122,0.8333695386315643,0.16663046136843573
2023-06-12,45.13318235976919,39.961011220932505,0.8328973236051609,0.1671026763948391
2023-06-13,45.10394877050567,39.94914882320651,0.8320843406145969,0.1679156593854031
2023-06-14,45.07626724916897,39.9429987291681,0.8310731283535441,0.16892687164645592
2023-06-15,45.044345675919025,39.9334586374934,0.8300178559533424,0.16998214404665757
2023-06-16,45.00499710574285,39.929144191792695,0.8283575548568958,0.17164244514310423
2023-06-17,44.96533829778899,39.931637040398435,0.8263462644027746,0.1736537355972254
2023-06-18,44.92704892519818,39.933778114215364,0.8244030729923176,0.17559692700768237
2023-06-19,44.89266493040425,39.93559287393152,0.8226516233223433,0.17734837667765668
2023-06-20,44.861914738526686,39.93710547970156,0.8210813492081577,0.17891865079184233
2023-06-21,44.83649596194525,39.94572650769553,0.8194151307231918,0.18058486927680817
2023-06-22,44.825453176386546,39.95726125412912,0.818304630402661,0.181695369597339
2023-06-23,44.815869604989395,39.96748527231514,0.8173268620249016,0.18267313797509843
2023-06-24,44.81363103323715,39.979417022961314,0.816625355888271,0.183374644111729
2023-06-25,44.80982774064054,39.99468252699189,0.8156787024340267,0.18432129756597326
2023-06-26,44.80422159129541,40.008175828487815,0.8147274850072214,0.18527251499277864
2023-06-27,44.78452919630591,40.01824446173666,0.8132392221798617,0.18676077782013834
2023-06-28,44.74816717258663,40.02738035944597,0.8109497461081715,0.1890502538918285
2023-06-29,44.70748026021255,40.03594796058831,0.8084518419534945,0.1915481580465055
2023-06-30,44.6854036750279,40.05198542242972,0.8065051094984612,0.19349489050153879
2023-07-01,44.679154069531705,40.06879824200319,0.8053213221090811,0.19467867789091886
2023-07-02,44.669284127396374,40.08355624573083,0.8040523236449195,0.19594767635508048
2023-07-03,44.66111212591752,40.09640238471533,0.8029653675377297,0.19703463246227026
2023-07-04,44.6545135485859,40.10514401157946,0.8021697477531504,0.19783025224684958
2023-07-05,44.651984451211234,40.11010113424909,0.8017807711637159,0.19821922883628407
2023-07-06,44.65319350686728,40.111578171531406,0.8017668385498393,0.19823316145016068
2023-07-07,44.65511463064901,40.109864430806596,0.8019557681628946,0.1980442318371054
2023-07-08,44.65515324936568,40.104071615188786,0.8022586417909463,0.1977413582090537
2023-07-09,44.6560109276869,40.09830285346034,0.8026024665527014,0.1973975334472986
2023-07-10,44.654877616761176,40.09256518126026,0.8028411590970628,0.19715884090293723
2023-07-11,44.6547932286291,40.086837629871546,0.8031334653842914,0.19686653461570858
2023-07-12,44.65276180342283,40.0811588067087,0.8033222547317826,0.19667774526821735
2023-07-13,44.64619818407637,40.07261208786706,0.803424853941045,0.19657514605895499
2023-07-14,44.64763216672691,40.074825365427,0.8033845395893828,0.19661546041061717
2023-07-15,44.64980286226541,40.0788708841815,0.8032875310361065,0.1967124689638935
2023-07-16,44.64183150927876,40.07766082923624,0.8029374420005579,0.19706255799944206
2023-07-17,44.63842156685439,40.07348029929368,0.802977360799425,0.19702263920057494
2023-07-18,44.63629059817793,40.066601635229176,0.8032231980065582,0.19677680199344183
2023-07-19,44.63406353346075,40.04767958222775,0.8040861937202066,0.19591380627979338
2023-07-20,44.63022644489832,40.03271842402919,0.8046599411347625,0.19534005886523753
2023-07-21,44.627690351258586,40.0188912788354,0.8052412558943862,0.19475874410561378
2023-07-22,44.621694262511234,40.01104843141973,0.8053362352076163,0.19466376479238368
2023-07-23,44.617245877809765,40.0036747398687,0.8054866268657139,0.19451337313428607
2023-07-24,44.61421789329661,39.99417832144833,0.8058189215082538,0.19418107849174615
2023-07-25,44.61259143214806,39.98253894988326,0.806332619681928,0.19366738031807196
2023-07-26,44.61583250104042,39.97837032349881,0.8067122295649592,0.19328777043504075
2023-07-27,44.61836281802416,39.96885725677072,0.8073282606474073,0.19267173935259274
2023-07-28,44.605286803899745,39.9571080725229,0.8072604508464823,0.19273954915351765
2023-07-29,44.59814636346934,39.9499689243542,0.8072603847962369,0.19273961520376315
2023-07-30,44.59267277671659,39.94338365562219,0.8073172001159539,0.19268279988404613
2023-07-31,44.591434383330245,39.937315901803565,0.8075638979740498,0.19243610202595018
2023-08-01,44.59441947493011,39.92902222810902,0.8081392976586159,0.19186070234138408
2023-08-02,44.600892689362404,39.92146158176259,0.8088537794432382,0.19114622055676178
2023-08-03,44.593095070431936,39.90595187685024,0.8092457160861183,0.19075428391388172
2023-08-04,44.58434306363339,39.89445445876257,0.8093851217749081,0.19061487822509193
2023-08-05,44.58394850131644,39.88509388624057,0.8098399594167672,0.19016004058323277
2023-08-06,44.58191393537647,39.87667751630016,0.8101632959778285,0.18983670402217145
2023-08-07,44.58110983486607,39.86666083610202,0.8106294582254235,0.18937054177457646
2023-08-08,44.57173118731914,39.85263150023497,0.8108645180856335,0.18913548191436647
2023-08-09,44.550794767131904,39.836796877810194,0.8106066482264815,0.18939335177351846
2023-08-10,44.532882022685705,39.82038307192136,0.8105308434173961,0.18946915658260388
2023-08-11,44.520288808104354,39.80345340532153,0.810750096758351,0.18924990324164903
2023-08-12,44.51260942419572,39.78839539907833,0.8111228046618019,0.18887719533819813
2023-08-13,44.50945742051155,39.775077882920996,0.8116355421986166,0.18836445780138344
2023-08-14,44.510465004365486,39.763376626102364,0.8122753534830899,0.18772464651691012
2023-08-15,44.51282127074947,39.75036035262214,0.8130474691642114,0.18695253083578856
2023-08-16,44.533456073440384,39.74762285175279,0.8142176174154138,0.18578238258458624
2023-08-17,44.54809295900675,39.73694129881445,0.8154800615990567,0.18451993840094327
2023-08-18,44.569463719757636,39.728503873293626,0.8169595197881038,0.18304048021189623
2023-08-19,44.59319444489917,39.71979810619803,0.8185609934537449,0.1814390065462551
2023-08-20,44.61808642992693,39.71003416681216,0.8202623216480833,0.17973767835191667
2023-08-21,44.641401774516765,39.699310330868315,0.8219235817674855,0.17807641823251452
2023-08-22,44.6661875698508,39.68755093287549,0.8236963335327988,0.1763036664672012
2023-08-23,44.68313047636229,39.68108161712883,0.8248261354095816,0.1751738645904184
2023-08-24,44.69911941701138,39.67346765075747,0.8259604799246957,0.17403952007530432
2023-08-25,44.711740543000836,39.6731779796151,0.8265789863924671,0.17342101360753293
2023-08-26,44.7212132550109,39.67343968121711,0.8270193940873789,0.1729806059126211
2023-08-27,44.71136425937812,39.67213104005178,0.8266110766568782,0.17338892334312184
2023-08-28,44.709038331226665,39.680041256422655,0.8261208751983455,0.17387912480165446
2023-08-29,44.699960637231435,39.68830917709292,0.8252881964761546,0.1747118035238454
2023-08-30,44.69492134014995,39.69397973139741,0.8247728065782403,0.17522719342175974
2023-08-31,44.69152715652292,39.70228460112204,0.8242087126472888,0.1757912873527112
2023-09-01,44.686026765249636,39.70754270514338,0.8236889555522591,0.17631104444774093
2023-09-02,44.68919983697515,39.72580617227253,0.8229582819641091,0.17704171803589086
2023-09-03,44.692742354330015,39.74267870704325,0.8223112564802918,0.1776887435197082
2023-09-04,44.69915514997776,39.758249527941985,0.8218658717542546,0.17813412824574537
2023-09-05,44.70820084415168,39.77025593872507,0.8217217320186082,0.1782782679813918
2023-09-06,44.709469888483405,39.772735250977775,0.8216627900927072,0.17833720990729285
2023-09-07,44.704281309093325,39.77307451405362,0.8213934194904116,0.17860658050958844
2023-09-08,44.705449411653284,39.77754025223144,0.8212326044460097,0.17876739555399035
2023-09-09,44.70716127094242,39.78183610447337,0.8211065277725729,0.17889347222742713
2023-09-10,44.70937083034825,39.78597012214005,0.8210125943804016,0.17898740561959836
2023-09-11,44.714690581997274,39.78994976517466,0.8210780087695508,0.17892199123044916
2023-09-12,44.72352603829177,39.7938014222288,0.8213211496809323,0.17867885031906772
2023-09-13,44.75507226722372,39.817116404978535,0.8217222655765959,0.1782777344234041
2023-09-14,44.76185130306886,39.82544826737709,0.8216466384269598,0.17835336157304016
2023-09-15,44.76631514360349,39.83306020203517,0.8214932551066978,0.1785067448933022
2023-09-16,44.75532485845757,39.836496330138104,0.8207893004580022,0.17921069954199775
2023-09-17,44.75459275145527,39.852195787265,0.8199853782094029,0.18001462179059713
2023-09-18,44.75217711364677,39.86650646431192,0.8191647133233859,0.18083528667661408
2023-09-19,44.74009874213687,39.87425941872833,0.8181886699791611,0.18181133002083893
2023-09-20,44.75082132080642,39.89656026500527,0.817617298778395,0.18238270122160505
2023-09-21,44.76516861680932,39.933479547302454,0.8165001818511012,0.18349981814889882
2023-09-22,44.77525789519721,39.97492578347517,0.8149412245685036,0.1850587754314964
2023-09-23,44.782793111676675,40.012455724424534,0.8134423177142363,0.18655768228576375
2023-09-24,44.79002377851975,40.04631122636937,0.8121055326509483,0.18789446734905169
2023-09-25,44.79696719483951,40.07672228050492,0.8109223737537647,0.18907762624623525
2023-09-26,44.79835088992013,40.09903623822588,0.8098632786607403,0.19013672133925974
2023-09-27,44.804528020684195,40.13138442938274,0.8085338758957661,0.19146612410423391
2023-09-28,44.805494989604796,40.1587001636554,0.8071897085724193,0.19281029142758066
2023-09-29,44.80456188556441,40.184894523999844,0.8057998098024409,0.19420019019755907
2023-09-30,44.80915826065739,40.21759675712935,0.8043533640227789,0.1956466359772211
2023-10-01,44.80715474216243,40.25016977587519,0.8025649643797934,0.1974350356202066
2023-10-02,44.80568353477502,40.2809471764159,0.8008880940980525,0.1991119059019475
2023-10-03,44.804755193644674,40.31005319251455,0.7993186699231245,0.2006813300768755
2023-10-04,44.78826068718061,40.334309776814514,0.7971774169010188,0.20282258309898116
2023-10-05,44.763120692731626,40.354216126859974,0.7947946577263749,0.20520534227362508
2023-10-06,44.73053000636874,40.36361725896508,0.7925585609145755,0.20744143908542445
2023-10-07,44.7001189974242,40.370965922994884,0.7905355832316998,0.2094644167683002
2023-10-08,44.6752888239157,40.37662280670061,0.7888937998443998,0.21110620015560022
2023-10-09,44.650860469005245,40.38481808891517,0.7871286319935631,0.2128713680064369
2023-10-10,44.62882306990208,40.391751408361166,0.7855539154472926,0.21444608455270742
2023-10-11,44.614610925794416,40.40424920509042,0.7840961013112571,0.21590389868874293
2023-10-12,44.59437115518096,40.41074566247619,0.7826311178177867,0.21736888218221329
2023-10-13,44.57893830663302,40.41556652783114,0.7815175260523037,0.21848247394769627
2023-10-14,44.56356977872401,40.420828999315205,0.7803798200313976,0.2196201799686024
2023-10-15,44.55053503705519,40.42444292833127,0.7794592459988515,0.22054075400114848
2023-10-16,44.539676491897204,40.42441742635766,0.7788590566171919,0.2211409433828081
2023-10-17,44.53774442792567,40.42453430304068,0.7787454329658239,0.22125456703417612
2023-10-18,44.53018693193519,40.42252136304655,0.7784377931767256,0.22156220682327443
2023-10-19,44.5161621544752,40.41704962318571,0.7779627486014913,0.22203725139850872
2023-10-20,44.511146716591455,40.42664487512747,0.7771499122087965,0.22285008779120352
2023-10-21,44.49717794201844,40.426532163494834,0.776377494096697,0.22362250590330301
2023-10-22,44.47697714419181,40.419209759673834,0.7756582138413199,0.22434178615868006
2023-10-23,44.4574870873429,40.41348061939241,0.7748881938751019,0.22511180612489812
2023-10-24,44.44119838488694,40.409363725232204,0.7742058494346258,0.22579415056537422
2023-10-25,44.42284112443826,40.41112982301146,0.7730751840823875,0.2269248159176125
2023-10-26,44.40835770778273,40.419332527830676,0.7717967049687307,0.22820329503126935
2023-10-27,44.391916997051936,40.422945940144395,0.7706631884368205,0.22933681156317953
2023-10-28,44.39530075744983,40.435262621373845,0.7701572598227799,0.22984274017722006
2023-10-29,44.4046166740417,40.444475104420974,0.7701631215015128,0.22983687849848722
2023-10-30,44.41429958978936,40.4536772045401,0.7701903686880318,0.2298096313119682
2023-10-31,44.40622880333036,40.44653314725983,0.7701378505532223,0.22986214944677774
2023-11-01,44.40634475323288,40.44612955474874,0.7701672940692157,0.2298327059307843
2023-11-02,43.29295320918787,39.72346124621298,0.7474373944575362,0.2525626055424638
2023-11-03,43.36025959494483,39.7715033553092,0.748585163387295,0.25141483661270503
2023-11-04,43.42590151661423,39.823810195035996,0.7493780522237512,0.2506219477762488
2023-11-05,43.494407553273874,39.88294562632903,0.7499344243474333,0.2500655756525667
2023-11-06,43.55627758615906,39.940906955908396,0.7501663066269955,0.24983369337300454
2023-11-07,43.606840678224515,39.9946964644283,0.7499749089697129,0.25002509103028714
2023-11-08,43.65387084664227,40.045696326167395,0.7497393118926152,0.2502606881073848
2023-11-09,43.69891915651122,40.09583543748108,0.7494370060493101,0.2505629939506899
2023-11-10,43.7406443812484,40.143240956899916,0.7490994662363253,0.2509005337636747
2023-11-11,43.77919520814695,40.18607902440946,0.7488445465044568,0.25115545349554325
2023-11-12,43.81471997006917,40.22657509055162,0.7485487808504703,0.2514512191495297
2023-11-13,43.82102557233167,40.24735499279279,0.7476865913835745,0.2523134086164255
2023-11-14,43.83124675428736,40.26694080639971,0.7471279398573754,0.25287206014262464
2023-11-15,43.84779904148883,40.300179944473015,0.7461308664685498,0.25386913353145024
2023-11-16,43.8715916638607,40.343474507394575,0.744962975888565,0.25503702411143503
2023-11-17,43.891372694118395,40.38401743918683,0.7437165494763629,0.2562834505236371
2023-11-18,43.919527600766955,40.43558778098397,0.742307019356799,0.257692980643201
2023-11-19,43.948993427865744,40.484931714510495,0.7411072736011631,0.25889272639883687
2023-11-20,43.97581817328617,40.530648226720174,0.7399643861112329,0.26003561388876706
2023-11-21,44.00578197507345,40.59111407721052,0.7381136404768102,0.26188635952318984
2023-11-22,44.03560712564825,40.64559356938281,0.7366127896619263,0.26338721033807366
2023-11-23,44.06048468976503,40.69757114332341,0.7349580055356355,0.2650419944643645
2023-11-24,44.08287034224302,40.745200470253245,0.733411835886511,0.26658816411348896
2023-11-25,44.10513022989876,40.78670497625503,0.7322300508906304,0.2677699491093696
2023-11-26,44.12953395055519,40.82245537391951,0.7315320325404293,0.2684679674595707
2023-11-27,44.15357167631882,40.85068807264797,0.7312737371678543,0.26872626283214573
2023-11-28,44.17098627361444,40.86433319524867,0.7315058391971003,0.2684941608028997
2023-11-29,44.18196030667577,40.868670555713905,0.7319142412947788,0.2680857587052212
2023-11-30,44.199478750537146,40.89075326987715,0.7316334025629307,0.26836659743706925
2023-12-01,44.21015509103368,40.91067377317832,0.7310641579521575,0.2689358420478425
2023-12-02,44.214461177588014,40.930714324133035,0.730093856243474,0.269906143756526
2023-12-03,44.21867520908631,40.96209726692751,0.7284143084007227,0.27158569159927726
2023-12-04,44.22184000660998,40.992403135039424,0.7267313014311876,0.2732686985688124
2023-12-05,44.202046888422885,41.00868351002193,0.7244864316468137,0.2755135683531863
2023-12-06,44.187293967670726,41.02764059163199,0.7223804772975438,0.27761952270245616
2023-12-07,44.17331582066134,41.041381890797396,0.7206428973718961,0.27935710262810387
2023-12-08,44.16147856334875,41.05969547121439,0.7187469282648706,0.28125307173512937
2023-12-09,44.176655127619064,41.096225953133526,0.7174003866625966,0.28259961333740335
2023-12-10,44.1790322069425,41.121234567511365,0.715969906862264,0.284030093137736
2023-12-11,44.18065059823886,41.143316043099986,0.7146735143694782,0.28532648563052176
2023-12-12,44.17744307174945,41.1678595971741,0.7129109174479786,0.28708908255202137
2023-12-13,44.15982030776783,41.17747440885976,0.7111759379873132,0.28882406201268684
2023-12-14,44.142526960277365,41.191274008850954,0.7091893670547804,0.2908106329452196
2023-12-15,44.13080368509178,41.211387092233316,0.7071487040707352,0.29285129592926484
2023-12-16,44.129478579441965,41.24590564691136,0.704843256431664,0.295156743568336
2023-12-17,44.13005082542913,41.27838113448822,0.7027842529154311,0.2972157470845689
2023-12-18,44.13881297660171,41.3099493878557,0.7013083579126922,0.2986916420873078
2023-12-19,44.144386532823695,41.332640692897954,0.7001984000752406,0.2998015999247594
2023-12-20,44.155957068685304,41.35586428071082,0.6994417201080224,0.3005582798919776
2023-12-21,44.16559560071844,41.380803605384656,0.6984468702218283,0.3015531297781717
2023-12-22,44.169235194030996,41.39849689964691,0.6975318025664123,0.30246819743358766
2023-12-23,44.17423388993111,41.41337379608134,0.6968878668659949,0.3031121331340051
2023-12-24,44.1804945092108,41.425618866332265,0.6964974571374012,0.3035025428625988
2023-12-25,44.185883311322335,41.4309172856187,0.6965033551436074,0.3034966448563926
2023-12-26,44.19251007754442,41.43230164253946,0.6968453652691324,0.30315463473086757
2023-12-27,44.200279067799364,41.430055038701035,0.6974982940106376,0.30250170598936243
2023-12-28,44.20719493777194,41.42474618578352,0.6982943829876185,0.3017056170123815
2023-12-29,44.21279944117792,41.41858163677443,0.6990599068846158,0.30094009311538417
2023-12-30,44.217186506931746,41.41163346814059,0.6997963837385072,0.30020361626149283
2023-12-31,44.220445792455806,41.40397110347708,0.7005052172047839,0.29949478279521613
2024-01-01,44.22007497794392,41.39566131280153,0.7010199934297756,0.2989800065702244
2024-01-02,44.21636912225887,41.38676820914811,0.7013561258807113,0.2986438741192887
2024-01-03,44.20866471774753,41.37390711467978,0.701690107755133,0.29830989224486704
2024-01-04,44.20384089833238,41.35947713912862,0.7023118130747963,0.2976881869252037
2024-01-05,44.20339929512074,41.35448363561792,0.7026062030507991,0.2973937969492009
2024-01-06,44.197222237335936,41.35148511340659,0.7024006481850871,0.2975993518149129
2024-01-07,44.18787079318979,41.34424965028054,0.7022637724338109,0.2977362275661891
2024-01-08,44.178795693493946,41.33406609738035,0.7023354781546493,0.29766452184535075
2024-01-09,44.17842172947064,41.32442854133532,0.7029344305668404,0.29706556943315965
2024-01-10,44.1774538331183,41.31451751460057,0.7035121395806181,0.2964878604193819
2024-01-11,44.19350783700539,41.319261895620485,0.7042419813065472,0.29575801869345275
2024-01-12,44.20987568026529,41.32009888438897,0.7052428836035323,0.29475711639646773
2024-01-13,44.223944302522455,41.31966834302255,0.7061758853749247,0.2938241146250753
2024-01-14,44.24431156134138,41.32508907807173,0.7071362415730666,0.29286375842693335
2024-01-15,44.2594829976367,41.331077334631665,0.7077255631651095,0.2922744368348905
2024-01-16,44.26984586242325,41.33758192146137,0.7079729997167149,0.2920270002832851
2024-01-17,44.27473746522496,41.34181153492925,0.708015444179027,0.29198455582097305
2024-01-18,44.27823148587992,41.34356520596007,0.7081270156624788,0.2918729843375212
2024-01-19,44.28780425504783,41.353839087539754,0.7080820706734021,0.2919179293265979
2024-01-20,44.30626172679881,41.379043966958776,0.707649361708736,0.29235063829126395
2024-01-21,44.322047816695964,41.400538857232725,0.7072830255115696,0.29271697448843037
2024-01-22,44.33284259857893,41.42086498086439,0.7066709205329459,0.2933290794670541
2024-01-23,44.33179563493721,41.45076464670566,0.7046794428935506,0.29532055710644944
2024-01-24,44.324551598206334,41.48397348055529,0.702066878950597,0.29793312104940295
2024-01-25,44.31428992751504,41.519712530828,0.6990832829498254,0.30091671705017464
2024-01-26,44.29312568453717,41.54957471179703,0.6957580517448876,0.3042419482551124
2024-01-27,44.273153730843404,41.57710717314047,0.6926477126350234,0.30735228736497655
2024-01-28,44.25430412254048,41.60245933328994,0.6897411100428993,0.3102588899571007
2024-01-29,44.23395740702262,41.62577240317187,0.6868584635134574,0.31314153648654264
2024-01-30,44.19120012602936,41.61802131900572,0.6845388831076408,0.31546111689235923
2024-01-31,44.170731622467656,41.61524965440744,0.6833634743744308,0.3166365256255692
2024-02-01,44.15542003015298,41.62142356839462,0.681933934100436,0.318066065899564
2024-02-02,44.14001466687364,41.6322128322573,0.6801874000506964,0.31981259994930356
2024-02-03,44.131141151907904,41.64769554375029,0.6785598488141912,0.3214401511858088
2024-02-04,44.123504011542806,41.66562275353134,0.6768478726269085,0.3231521273730915
2024-02-05,44.10834644962516,41.67905636117965,0.6749287529286867,0.3250712470713133
2024-02-06,44.09229693899252,41.69120235552217,0.6730316350924922,0.3269683649075078
2024-02-07,44.07525798179179,41.70242738283483,0.6711254109084905,0.32887458909150946
2024-02-08,44.05567809312885,41.71503197011897,0.668949344237028,0.331050655762972
2024-02-09,44.02169605299314,41.71626758071845,0.6665616436987076,0.33343835630129237
2024-02-10,43.99184467288794,41.72633665786134,0.6638469216184604,0.3361530783815396
2024-02-11,43.964814176241134,41.73639408625451,0.6613171370358717,0.3386828629641283
2024-02-12,43.94375894099054,41.7466467267543,0.6591759269769031,0.3408240730230969
2024-02-13,43.92474736156935,41.753633007356854,0.6573939705725276,0.3426060294274724
2024-02-14,42.329738493342994,41.25778036294166,0.5793150599165535,0.4206849400834465
2024-02-15,42.393996650977485,41.2829935410526,0.5821635576541928,0.4178364423458072
2024-02-16,42.46165434318861,41.312124793896984,0.5849700075402289,0.4150299924597711
2024-02-17,42.530102614429396,41.34734453226483,0.5873870604686227,0.41261293953137734
2024-02-18,42.602437973998335,41.39671018380224,0.5890559545092728,0.41094404549072716
2024-02-19,42.67142470034442,41.44459220169727,0.5905879256682678,0.4094120743317322
2024-02-20,42.737175270870836,41.49102667197343,0.59198885261867,0.40801114738133004
2024-02-21,42.80568782941135,41.536735084272216,0.5936412411714241,0.40635875882857586
2024-02-22,42.86860455343975,41.577466347641895,0.5952472012105678,0.40475279878943216
2024-02-23,42.92624969976445,41.61329737750776,0.5968247177695101,0.40317528223048993
2024-02-24,42.98509012788803,41.65224900809576,0.5982616310557967,0.40173836894420334
2024-02-25,43.051092069440244,41.698080829080816,0.5997175136128975,0.4002824863871025
2024-02-26,43.11526732695768,41.74019354671635,0.6013084053337224,0.39869159466627757
2024-02-27,43.171543058032285,41.773134059451,0.6029892373252962,0.3970107626747038
2024-02-28,43.231488208425645,41.81133870081749,0.6045534837797835,0.39544651622021654
2024-02-29,43.28950522215036,41.8456969644308,0.6062538364678638,0.3937461635321362
2024-03-01,43.33824234140716,41.873382347517165,0.6077651228873475,0.3922348771126525
2024-03-02,43.383953726713735,41.898566974951166,0.6092371582253983,0.39076284177460174
2024-03-03,43.43831030907503,41.92812513833458,0.611013439610432,0.388986560389568
2024-03-04,43.487457969285614,41.953403240680345,0.6127209993653959,0.3872790006346041
2024-03-05,43.54096432666416,41.971035889300076,0.6152831950381855,0.3847168049618145
2024-03-06,43.594516147283066,41.98503972290558,0.618101989607976,0.381898010392024
2024-03-07,43.64544003729414,41.995184331269975,0.6210020012407986,0.37899799875920137
2024-03-08,43.70231307253332,42.008900438259474,0.6240636946222562,0.3759363053777438
2024-03-09,43.756689154568235,42.01910916556593,0.6271890037834416,0.37281099621655844
2024-03-10,43.808690777325,42.0279405067323,0.6302356916546444,0.36976430834535556
2024-03-11,43.86060765947587,42.03350255592025,0.6334980423863178,0.3665019576136822
2024-03-12,43.91835424146141,42.04850696855116,0.6364976243457009,0.3635023756542991
2024-03-13,43.97065428922955,42.05671423598853,0.6395832434481626,0.36041675655183736
2024-03-14,44.023979237505465,42.06079119438038,0.643018901026365,0.35698109897363495
2024-03-15,44.07788862120762,42.05646302633877,0.6470667549859876,0.35293324501401235
2024-03-16,44.128799965214604,42.05457880569604,0.6507220437337866,0.3492779562662134
2024-03-17,44.17772952523519,42.05358802869268,0.6541654617153261,0.3458345382846739
2024-03-18,44.22386671027379,42.0502749657583,0.6575639287531143,0.3424360712468857
2024-03-19,44.26456490920704,42.04491168600938,0.6607180746725693,0.33928192532743073
2024-03-20,44.30302841357508,42.039511506576424,0.6637112942730513,0.3362887057269487
2024-03-21,44.34078895207058,42.03445444959197,0.6666231562740066,0.3333768437259934
2024-03-22,44.37642038578238,42.02740180101951,0.6695159789049284,0.3304840210950716
2024-03-23,44.42387960614673,42.031246744816556,0.6724614167544224,0.3275385832455776
2024-03-24,44.47465613114731,42.040415481446644,0.6752613827624158,0.32473861723758424
2024-03-25,44.524010430270515,42.046228077187294,0.6781809210258678,0.3218190789741322
2024-03-26,44.56755290994399,42.04705211507364,0.6810346088150492,0.3189653911849508
2024-03-27,44.616980650620874,42.05263638640787,0.6839523328446864,0.3160476671553136
2024-03-28,44.66639745250257,42.05958982296619,0.6867673347544161,0.3132326652455839
2024-03-29,44.714715031375206,42.070858311302025,0.6892145596655692,0.3107854403344308
2024-03-30,44.76979257156684,42.087241426058455,0.6917615576156713,0.30823844238432874
2024-03-31,44.824060232171284,42.10299650394933,0.6942874516267687,0.30571254837323125
2024-04-01,44.8757997501321,42.114809945702724,0.6968963263529444,0.3031036736470556
2024-04-02,44.90639008685,42.10610202990927,0.6994544068163216,0.30054559318367835
2024-04-03,44.932247882353956,42.09564409658484,0.701809637596037,0.298190362403963
2024-04-04,44.95537368036838,42.082210184337775,0.7041721638004305,0.29582783619956954
2024-04-05,44.98202372282866,42.074992864055396,0.7063530048835359,0.2936469951164641
2024-04-06,45.00703982088988,42.06443408399918,0.7086357515011491,0.2913642484988509
2024-04-07,45.028412468824456,42.04782253526698,0.7110639173387565,0.2889360826612435
2024-04-08,45.04772147265218,42.03219896959775,0.7132885653978598,0.2867114346021402
2024-04-09,45.064765278145096,42.01033815740314,0.7157565692310721,0.2842434307689279
2024-04-10,45.076218514718654,41.9820859234179,0.7182648569919745,0.2817351430080255
2024-04-11,45.08483295614885,41.95331050952173,0.7206170640013043,0.2793829359986957
2024-04-12,45.10086901871801,41.93689915500207,0.7226505783408492,0.2773494216591508
2024-04-13,45.11895518087893,41.92183651541429,0.724720547198717,0.27527945280128296
2024-04-14,45.13719566247589,41.905980148435816,0.7268417523359287,0.27315824766407126
2024-04-15,45.153428415354234,41.89133592748074,0.7287556312057821,0.27124436879421787
2024-04-16,45.18428657236351,41.89272984797198,0.7305756887479218,0.2694243112520782
2024-04-17,45.208125139445386,41.89364833774885,0.7319872560658636,0.26801274393413643
2024-04-18,45.228157458242784,41.89930552761817,0.7328706660095817,0.26712933399041827
2024-04-19,45.24829674399321,41.90650982006161,0.733664315369442,0.266335684630558
2024-04-20,45.27578671341376,41.91269096419258,0.7349691488346013,0.2650308511653987
2024-04-21,45.30225638372887,41.91617698901719,0.7363728891020929,0.26362711089790714
2024-04-22,45.32892313699916,41.919488213584565,0.7377954464300355,0.2622045535699645
2024-04-23,45.35486190679874,41.919008444597935,0.7393998142820624,0.26060018571793764
2024-04-24,45.38221357873408,41.920795046324436,0.7409475266693544,0.2590524733306456
